course_id,listing_code,listed_in,rule,kept_as
100659,ORALCOMM 217,ORALCOMM,collapsed_cross_listing,ORALCOMM 117
101403,ACCT 691,ACCT,collapsed_cross_listing,GSBGEN 691
101403,FINANCE 691,FINANCE,collapsed_cross_listing,GSBGEN 691
101403,HRMGT 691,HRMGT,collapsed_cross_listing,GSBGEN 691
101403,MGTECON 691,MGTECON,collapsed_cross_listing,GSBGEN 691
101403,MKTG 691,MKTG,collapsed_cross_listing,GSBGEN 691
101403,OB 691,OB,collapsed_cross_listing,GSBGEN 691
101403,OIT 691,OIT,collapsed_cross_listing,GSBGEN 691
101403,POLECON 691,POLECON,collapsed_cross_listing,GSBGEN 691
101403,STRAMGT 691,STRAMGT,collapsed_cross_listing,GSBGEN 691
101406,ACCT 692,ACCT,collapsed_cross_listing,GSBGEN 692
101406,FINANCE 692,FINANCE,collapsed_cross_listing,GSBGEN 692
101406,HRMGT 692,HRMGT,collapsed_cross_listing,GSBGEN 692
101406,MGTECON 692,MGTECON,collapsed_cross_listing,GSBGEN 692
101406,MKTG 692,MKTG,collapsed_cross_listing,GSBGEN 692
101406,OB 692,OB,collapsed_cross_listing,GSBGEN 692
101406,OIT 692,OIT,collapsed_cross_listing,GSBGEN 692
101406,POLECON 692,POLECON,collapsed_cross_listing,GSBGEN 692
101406,STRAMGT 692,STRAMGT,collapsed_cross_listing,GSBGEN 692
101410,FINANCE 802,FINANCE,collapsed_cross_listing,ACCT 802
101410,GSBGEN 802,GSBGEN,collapsed_cross_listing,ACCT 802
101410,HRMGT 802,HRMGT,collapsed_cross_listing,ACCT 802
101410,MGTECON 802,MGTECON,collapsed_cross_listing,ACCT 802
101410,MKTG 802,MKTG,collapsed_cross_listing,ACCT 802
101410,OB 802,OB,collapsed_cross_listing,ACCT 802
101410,OIT 802,OIT,collapsed_cross_listing,ACCT 802
101410,POLECON 802,POLECON,collapsed_cross_listing,ACCT 802
101410,STRAMGT 802,STRAMGT,collapsed_cross_listing,ACCT 802
101503,EDUC 165,EDUC,collapsed_cross_listing,AMSTUD 165
101503,EDUC 265,EDUC,collapsed_cross_listing,AMSTUD 165
101503,HISTORY 158C,HISTORY,collapsed_cross_listing,AMSTUD 165
101551,EDUC 193B,EDUC,collapsed_cross_listing,CHILATST 193B
101553,EDUC 193F,EDUC,collapsed_cross_listing,ASNAMST 193F
101562,SOC 134,SOC,collapsed_cross_listing,EDUC 197
101562,FEMGEN 297,FEMGEN,collapsed_cross_listing,EDUC 197
101572,EDUC 201,EDUC,collapsed_cross_listing,AMSTUD 201
101572,HISTORY 258B,HISTORY,collapsed_cross_listing,AMSTUD 201
101578,EDUC 102I,EDUC,collapsed_cross_listing,EDUC 202I
101586,ETHICSOC 204,ETHICSOC,collapsed_cross_listing,EDUC 204
101747,HUMBIO 149,HUMBIO,collapsed_cross_listing,EDUC 256
101807,EDUC 173,EDUC,collapsed_cross_listing,EDUC 273
101807,SOC 273,SOC,collapsed_cross_listing,EDUC 273
101807,SOC 173,SOC,collapsed_cross_listing,EDUC 273
101807,FEMGEN 173,FEMGEN,collapsed_cross_listing,EDUC 273
101915,SOC 369,SOC,collapsed_cross_listing,EDUC 316
101996,NATIVEAM 240,NATIVEAM,collapsed_cross_listing,EDUC 340
101996,PSYCH 272,PSYCH,collapsed_cross_listing,EDUC 340
102079,SOC 374,SOC,collapsed_cross_listing,EDUC 374
102079,POLISCI 334,POLISCI,collapsed_cross_listing,EDUC 374
102093,EDUC 381,EDUC,collapsed_cross_listing,CSRE 181
102093,EDUC 181,EDUC,collapsed_cross_listing,CSRE 181
102096,EDUC 182,EDUC,collapsed_cross_listing,EDUC 382
102105,SOC 311A,SOC,collapsed_cross_listing,EDUC 387
103156,CS 361,CS,collapsed_cross_listing,AA 222
103156,CME 222,CME,collapsed_cross_listing,AA 222
103282,BIOE 250,BIOE,collapsed_cross_listing,BIOE 150
103282,CHEMENG 150,CHEMENG,collapsed_cross_listing,BIOE 150
103282,CHEMENG 250,CHEMENG,collapsed_cross_listing,BIOE 150
103383,CME 330,CME,collapsed_cross_listing,CHEMENG 300
103384,ME 451D,ME,collapsed_cross_listing,CHEMENG 310
103388,CHEMENG 355,CHEMENG,collapsed_cross_listing,BIOE 355
103395,ENERGY 424,ENERGY,collapsed_cross_listing,CHEMENG 424
103398,CHEMENG 450,CHEMENG,collapsed_cross_listing,BIOE 450
103438,CEE 263C,CEE,collapsed_cross_listing,CEE 63
103440,CEE 263D,CEE,collapsed_cross_listing,CEE 64
103441,ENGR 90,ENGR,collapsed_cross_listing,CEE 70
103453,CEE 201D,CEE,collapsed_cross_listing,CEE 101D
103488,CEE 256,CEE,collapsed_cross_listing,CEE 156
103507,CEE 276B,CEE,collapsed_cross_listing,CEE 176B
103510,CEE 276,CEE,collapsed_cross_listing,CEE 178
103610,MS&E 273,MS&E,collapsed_cross_listing,CEE 246
103643,OCEANS 262B,OCEANS,collapsed_cross_listing,CEE 262B
103678,CEE 274A,CEE,collapsed_cross_listing,BIO 273A
103678,CHEMENG 174,CHEMENG,collapsed_cross_listing,BIO 273A
103678,CHEMENG 274,CHEMENG,collapsed_cross_listing,BIO 273A
103678,CEE 174A,CEE,collapsed_cross_listing,BIO 273A
103679,CHEMENG 456,CHEMENG,collapsed_cross_listing,CEE 274B
103713,GEOPHYS 289,GEOPHYS,collapsed_cross_listing,CEE 288
103800,GEOPHYS 60N,GEOPHYS,collapsed_cross_listing,EE 60N
103822,EE 233,EE,collapsed_cross_listing,EE 133
103870,MATSCI 201,MATSCI,collapsed_cross_listing,EE 222
103899,EE 263,EE,collapsed_cross_listing,CME 263
103923,EE 282,EE,collapsed_cross_listing,CS 282
103963,ENERGY 201B,ENERGY,collapsed_cross_listing,EE 293B
104048,EE 369A,EE,collapsed_cross_listing,BMP 269A
104049,EE 369B,EE,collapsed_cross_listing,BMP 269B
104096,EE 387,EE,collapsed_cross_listing,CS 250
104133,EE 402A,EE,collapsed_cross_listing,EALC 402A
104133,EASTASN 402A,EASTASN,collapsed_cross_listing,EALC 402A
104133,MATSCI 402A,MATSCI,collapsed_cross_listing,EALC 402A
104257,ENGR 20,ENGR,collapsed_cross_listing,CHEMENG 20
104273,MATSCI 50,MATSCI,collapsed_cross_listing,ENGR 50
104277,MS&E 111,MS&E,collapsed_cross_listing,ENGR 62
104277,MS&E 211,MS&E,collapsed_cross_listing,ENGR 62
104293,ENGR 203,ENGR,collapsed_cross_listing,ENGR 103
104313,ENGR 145S,ENGR,collapsed_cross_listing,ENGR 145
104315,ENGR 155A,ENGR,collapsed_cross_listing,CME 102
104316,ENGR 155B,ENGR,collapsed_cross_listing,CME 104
104317,MATSCI 159Q,MATSCI,collapsed_cross_listing,ENGR 159Q
104525,MS&E 240,MS&E,collapsed_cross_listing,MS&E 140
104550,MS&E 141,MS&E,collapsed_cross_listing,MS&E 241
104584,MS&E 311,MS&E,collapsed_cross_listing,CME 307
104585,MS&E 312,MS&E,collapsed_cross_listing,CME 334
104585,CS 369O,CS,collapsed_cross_listing,CME 334
104640,MATSCI 171,MATSCI,collapsed_cross_listing,MATSCI 161
104646,MATSCI 172,MATSCI,collapsed_cross_listing,MATSCI 162
104647,MATSCI 173,MATSCI,collapsed_cross_listing,MATSCI 163
104676,MATSCI 195,MATSCI,collapsed_cross_listing,MATSCI 205
104681,MATSCI 208,MATSCI,collapsed_cross_listing,MATSCI 198
104682,MATSCI 199,MATSCI,collapsed_cross_listing,MATSCI 209
104713,MATSCI 251,MATSCI,collapsed_cross_listing,MATSCI 151
104767,ME 258,ME,collapsed_cross_listing,MATSCI 358
104865,ME 300A,ME,collapsed_cross_listing,CME 200
104866,ME 300B,ME,collapsed_cross_listing,CME 204
104867,ME 300C,ME,collapsed_cross_listing,CME 206
105029,ME 469,ME,collapsed_cross_listing,CME 369
105051,ME 381,ME,collapsed_cross_listing,BIOE 381
105096,ME 408,ME,collapsed_cross_listing,CME 322
105112,ME 210,ME,collapsed_cross_listing,EE 118
105736,ME 320,ME,collapsed_cross_listing,CS 223A
105750,STATS 229,STATS,collapsed_cross_listing,CS 229
105788,CS 261,CS,collapsed_cross_listing,CME 310
105788,MS&E 315,MS&E,collapsed_cross_listing,CME 310
105810,EDUC 298,EDUC,collapsed_cross_listing,CS 298
105832,ME 323,ME,collapsed_cross_listing,CS 327A
105944,SYMSYS 195V,SYMSYS,collapsed_cross_listing,CS 448B
105944,EDUC 458,EDUC,collapsed_cross_listing,CS 448B
109533,ARCHLGY 1,ARCHLGY,collapsed_cross_listing,ANTHRO 3
110099,ANTHRO 201,ANTHRO,collapsed_cross_listing,ANTHRO 1
110129,ANTHRO 299,ANTHRO,collapsed_cross_listing,ANTHRO 199
110142,ANTHRO 282,ANTHRO,collapsed_cross_listing,ANTHRO 82
110142,HUMBIO 176A,HUMBIO,collapsed_cross_listing,ANTHRO 82
110358,ARTSTUDI 231A,ARTSTUDI,collapsed_cross_listing,ARTSTUDI 130
110365,MUSIC 154A,MUSIC,collapsed_cross_listing,ARTSTUDI 131
110603,JAPAN 60,JAPAN,collapsed_cross_listing,ARTHIST 2
110615,FILMEDIA 114,FILMEDIA,collapsed_cross_listing,AMSTUD 114X
110615,FILMEDIA 314,FILMEDIA,collapsed_cross_listing,AMSTUD 114X
110711,FILMEDIA 4,FILMEDIA,collapsed_cross_listing,CSRE 5
111105,CHINA 211,CHINA,collapsed_cross_listing,CHINA 111
111235,CHINA 206,CHINA,collapsed_cross_listing,CHINA 106
111236,CHINA 291,CHINA,collapsed_cross_listing,CHINA 191
111253,CHINA 166,CHINA,collapsed_cross_listing,CHINA 266
111261,COMPLIT 371,COMPLIT,collapsed_cross_listing,CHINA 371
111389,JAPAN 251,JAPAN,collapsed_cross_listing,JAPAN 151
111420,JAPAN 238,JAPAN,collapsed_cross_listing,JAPAN 138
111549,JAPAN 164,JAPAN,collapsed_cross_listing,JAPAN 264
111550,JAPAN 165,JAPAN,collapsed_cross_listing,JAPAN 265
111669,BIO 234,BIO,collapsed_cross_listing,BIO 144
111669,HUMBIO 112,HUMBIO,collapsed_cross_listing,BIO 144
111670,HUMBIO 130,HUMBIO,collapsed_cross_listing,CHPR 130
111678,PEDS 243,PEDS,collapsed_cross_listing,HUMBIO 142
111865,EARTHSYS 105A,EARTHSYS,collapsed_cross_listing,BIO 105A
111866,EARTHSYS 105B,EARTHSYS,collapsed_cross_listing,BIO 105B
111890,EARTHSYS 111,EARTHSYS,collapsed_cross_listing,BIO 117
111890,ESS 111,ESS,collapsed_cross_listing,BIO 117
111890,EARTHSYS 217,EARTHSYS,collapsed_cross_listing,BIO 117
111920,BIO 245,BIO,collapsed_cross_listing,BIO 145
111925,HUMBIO 160,HUMBIO,collapsed_cross_listing,BIO 150
112020,MI 200,MI,collapsed_cross_listing,BIO 230
112020,IMMUNOL 200,IMMUNOL,collapsed_cross_listing,BIO 230
112034,BIO 149,BIO,collapsed_cross_listing,BIO 249
112034,HUMBIO 161,HUMBIO,collapsed_cross_listing,BIO 249
112034,PSYC 149,PSYC,collapsed_cross_listing,BIO 249
112034,PSYC 261,PSYC,collapsed_cross_listing,BIO 249
112064,BIO 283,BIO,collapsed_cross_listing,BIO 183
112109,CSB 346,CSB,collapsed_cross_listing,BIO 346
112109,GENE 346,GENE,collapsed_cross_listing,BIO 346
112165,OCEANS 261H,OCEANS,collapsed_cross_listing,OCEANS 161H
112166,BIO 262H,BIO,collapsed_cross_listing,BIO 162H
112166,OCEANS 162H,OCEANS,collapsed_cross_listing,BIO 162H
112166,OCEANS 262H,OCEANS,collapsed_cross_listing,BIO 162H
112177,BIO 273H,BIO,collapsed_cross_listing,BIO 173H
112177,OCEANS 173H,OCEANS,collapsed_cross_listing,BIO 173H
112177,OCEANS 273H,OCEANS,collapsed_cross_listing,BIO 173H
112177,OCEANS 173,OCEANS,collapsed_cross_listing,BIO 173H
112178,OCEANS 274H,OCEANS,collapsed_cross_listing,OCEANS 174H
112289,CHEM 274,CHEM,collapsed_cross_listing,CHEM 174
112331,CHEM 257,CHEM,collapsed_cross_listing,BIOPHYS 297
112351,HISTORY 101,HISTORY,collapsed_cross_listing,CLASSICS 83
112453,CLASSICS 161,CLASSICS,collapsed_cross_listing,ARTHIST 101
112531,CLASSICS 205,CLASSICS,collapsed_cross_listing,CLASSICS 105A
112652,CLASSICS 204,CLASSICS,collapsed_cross_listing,CLASSICS 104
112765,FEMGEN 36,FEMGEN,collapsed_cross_listing,CLASSICS 36
112883,COMM 206,COMM,collapsed_cross_listing,COMM 106
112886,COMM 208,COMM,collapsed_cross_listing,COMM 108
112896,COMM 216,COMM,collapsed_cross_listing,COMM 116
112912,COMM 125,COMM,collapsed_cross_listing,AMSTUD 125
112912,COMM 225,COMM,collapsed_cross_listing,AMSTUD 125
112965,POLISCI 120B,POLISCI,collapsed_cross_listing,AMSTUD 162B
112965,COMM 262,COMM,collapsed_cross_listing,AMSTUD 162B
112965,COMM 162,COMM,collapsed_cross_listing,AMSTUD 162B
112975,COMM 272,COMM,collapsed_cross_listing,COMM 172
113284,EARTHSYS 206,EARTHSYS,collapsed_cross_listing,EARTHSYS 106
113284,ECON 106,ECON,collapsed_cross_listing,EARTHSYS 106
113284,ECON 206,ECON,collapsed_cross_listing,EARTHSYS 106
113284,ESS 106,ESS,collapsed_cross_listing,EARTHSYS 106
113284,ESS 206,ESS,collapsed_cross_listing,EARTHSYS 106
113284,GEP 106,GEP,collapsed_cross_listing,EARTHSYS 106
113284,GEP 206,GEP,collapsed_cross_listing,EARTHSYS 106
113355,PUBLPOL 106,PUBLPOL,collapsed_cross_listing,ECON 154
113355,PUBLPOL 206,PUBLPOL,collapsed_cross_listing,ECON 154
113357,BMDS 235,BMDS,collapsed_cross_listing,BMDS 156
113357,ECON 126,ECON,collapsed_cross_listing,BMDS 156
113357,HRP 256,HRP,collapsed_cross_listing,BMDS 156
113800,ENGLISH 11B,ENGLISH,collapsed_cross_listing,AMSTUD 150
113936,ENGLISH 123A,ENGLISH,collapsed_cross_listing,AFRICAAM 43
113936,AMSTUD 12A,AMSTUD,collapsed_cross_listing,AFRICAAM 43
114292,ENGLISH 293,ENGLISH,collapsed_cross_listing,COMPLIT 293
114292,DLCL 293,DLCL,collapsed_cross_listing,COMPLIT 293
114372,ENGLISH 314,ENGLISH,collapsed_cross_listing,COMPLIT 320A
114959,FILMEDIA 98,FILMEDIA,collapsed_cross_listing,ARTHIST 98
114959,PSYCH 155,PSYCH,collapsed_cross_listing,ARTHIST 98
114959,CSRE 100,CSRE,collapsed_cross_listing,ARTHIST 98
114959,ENGLISH 172D,ENGLISH,collapsed_cross_listing,ARTHIST 98
114959,SOC 146,SOC,collapsed_cross_listing,ARTHIST 98
114959,TAPS 165,TAPS,collapsed_cross_listing,ARTHIST 98
114959,EDUC 166C,EDUC,collapsed_cross_listing,ARTHIST 98
115013,INTNLREL 102,INTNLREL,collapsed_cross_listing,HISTORY 102
115056,SLAVIC 110,SLAVIC,collapsed_cross_listing,HISTORY 120A
115149,HISTORY 145B,HISTORY,collapsed_cross_listing,AFRICAAM 145B
115190,HISTORY 150A,HISTORY,collapsed_cross_listing,AMSTUD 150A
115190,NATIVEAM 150A,NATIVEAM,collapsed_cross_listing,AMSTUD 150A
115191,HISTORY 150B,HISTORY,collapsed_cross_listing,AFRICAAM 150B
115191,AMSTUD 150B,AMSTUD,collapsed_cross_listing,AFRICAAM 150B
115191,CSRE 150S,CSRE,collapsed_cross_listing,AFRICAAM 150B
115192,HISTORY 150C,HISTORY,collapsed_cross_listing,AFRICAAM 150C
115192,AMSTUD 150C,AMSTUD,collapsed_cross_listing,AFRICAAM 150C
115206,HISTORY 161,HISTORY,collapsed_cross_listing,AMSTUD 161
115206,CSRE 162,CSRE,collapsed_cross_listing,AMSTUD 161
115206,FEMGEN 161,FEMGEN,collapsed_cross_listing,AMSTUD 161
115206,HISTORY 61,HISTORY,collapsed_cross_listing,AMSTUD 161
115206,FEMGEN 61,FEMGEN,collapsed_cross_listing,AMSTUD 161
115235,HISTORY 185B,HISTORY,collapsed_cross_listing,CSRE 185B
115235,JEWISHST 185B,JEWISHST,collapsed_cross_listing,CSRE 185B
115235,REES 185B,REES,collapsed_cross_listing,CSRE 185B
115235,SLAVIC 183,SLAVIC,collapsed_cross_listing,CSRE 185B
115253,JAPAN 195C,JAPAN,collapsed_cross_listing,HISTORY 195C
115291,HISTORY 304G,HISTORY,collapsed_cross_listing,HISTORY 204G
115291,REES 304G,REES,collapsed_cross_listing,HISTORY 204G
115291,POLISCI 104G,POLISCI,collapsed_cross_listing,HISTORY 204G
115291,INTNLREL 104G,INTNLREL,collapsed_cross_listing,HISTORY 204G
115326,ITALIAN 332B,ITALIAN,collapsed_cross_listing,HISTORY 332B
115340,HISTORY 221B,HISTORY,collapsed_cross_listing,FEMGEN 221B
115340,HISTORY 321B,HISTORY,collapsed_cross_listing,FEMGEN 221B
115348,HISTORY 224A,HISTORY,collapsed_cross_listing,HISTORY 424A
115348,REES 224A,REES,collapsed_cross_listing,HISTORY 424A
115370,HISTORY 227,HISTORY,collapsed_cross_listing,FEMGEN 227
115370,HISTORY 327,HISTORY,collapsed_cross_listing,FEMGEN 227
115372,HISTORY 307E,HISTORY,collapsed_cross_listing,HISTORY 204E
115372,JEWISHST 204E,JEWISHST,collapsed_cross_listing,HISTORY 204E
115372,POLISCI 204E,POLISCI,collapsed_cross_listing,HISTORY 204E
115372,INTNLREL 104E,INTNLREL,collapsed_cross_listing,HISTORY 204E
115372,REES 204E,REES,collapsed_cross_listing,HISTORY 204E
115504,CSRE 260,CSRE,collapsed_cross_listing,AFRICAAM 169A
115504,URBANST 169,URBANST,collapsed_cross_listing,AFRICAAM 169A
115504,AMSTUD 169,AMSTUD,collapsed_cross_listing,AFRICAAM 169A
115561,HISTORY 256,HISTORY,collapsed_cross_listing,AMSTUD 256C
115561,HISTORY 356,HISTORY,collapsed_cross_listing,AMSTUD 256C
115561,EASTASN 256,EASTASN,collapsed_cross_listing,AMSTUD 256C
115561,ASNAMST 256,ASNAMST,collapsed_cross_listing,AMSTUD 256C
115899,JEWISHST 385A,JEWISHST,collapsed_cross_listing,HISTORY 385A
115900,JEWISHST 385B,JEWISHST,collapsed_cross_listing,HISTORY 385B
115935,JAPAN 396D,JAPAN,collapsed_cross_listing,HISTORY 396D
116106,JEWISHST 486A,JEWISHST,collapsed_cross_listing,HISTORY 486A
116787,ENGLISH 165,ENGLISH,collapsed_cross_listing,AMSTUD 160
117014,POLISCI 102,POLISCI,collapsed_cross_listing,AMSTUD 123X
117014,PUBLPOL 101,PUBLPOL,collapsed_cross_listing,AMSTUD 123X
117014,PUBLPOL 201,PUBLPOL,collapsed_cross_listing,AMSTUD 123X
117022,PUBLPOL 104,PUBLPOL,collapsed_cross_listing,ECON 150
117022,PUBLPOL 204,PUBLPOL,collapsed_cross_listing,ECON 150
117048,URBANST 132,URBANST,collapsed_cross_listing,EARTHSYS 137
117054,PUBLPOL 197,PUBLPOL,collapsed_cross_listing,ECON 198
117393,MATH 220A,MATH,collapsed_cross_listing,CME 303
117406,MATH 220B,MATH,collapsed_cross_listing,CME 306
117816,GERMAN 369,GERMAN,collapsed_cross_listing,COMPLIT 369
117816,ITALIAN 369,ITALIAN,collapsed_cross_listing,COMPLIT 369
117816,FRENCH 369,FRENCH,collapsed_cross_listing,COMPLIT 369
117816,DLCL 369,DLCL,collapsed_cross_listing,COMPLIT 369
117816,SLAVIC 369G,SLAVIC,collapsed_cross_listing,COMPLIT 369
117816,ILAC 369G,ILAC,collapsed_cross_listing,COMPLIT 369
117997,FRENCH 130,FRENCH,collapsed_cross_listing,COMPLIT 160M
117997,GERMAN 360,GERMAN,collapsed_cross_listing,COMPLIT 160M
117997,GERMAN 160,GERMAN,collapsed_cross_listing,COMPLIT 160M
117999,FRENCH 332B,FRENCH,collapsed_cross_listing,FRENCH 132
119332,JEWISHST 101A,JEWISHST,collapsed_cross_listing,HEBRLANG 1
119333,JEWISHST 101B,JEWISHST,collapsed_cross_listing,HEBRLANG 2
119334,JEWISHST 101C,JEWISHST,collapsed_cross_listing,HEBRLANG 3
119335,JEWISHST 102A,JEWISHST,collapsed_cross_listing,HEBRLANG 21
119336,JEWISHST 102B,JEWISHST,collapsed_cross_listing,HEBRLANG 22
119337,JEWISHST 102C,JEWISHST,collapsed_cross_listing,HEBRLANG 23
119562,SLAVIC 346,SLAVIC,collapsed_cross_listing,SLAVIC 146
119563,SLAVIC 147,SLAVIC,collapsed_cross_listing,REES 347
119563,SLAVIC 347,SLAVIC,collapsed_cross_listing,REES 347
119788,SLAVIC 387,SLAVIC,collapsed_cross_listing,SLAVIC 187
119790,SLAVIC 379,SLAVIC,collapsed_cross_listing,SLAVIC 179
119842,SLAVIC 325,SLAVIC,collapsed_cross_listing,REES 210
119845,SLAVIC 327,SLAVIC,collapsed_cross_listing,REES 327P
120179,ILAC 361,ILAC,collapsed_cross_listing,ILAC 161
120224,ILAC 193,ILAC,collapsed_cross_listing,FILMEDIA 193
120706,LINGUIST 156,LINGUIST,collapsed_cross_listing,FEMGEN 156X
120807,LINGUIST 205A,LINGUIST,collapsed_cross_listing,LINGUIST 105
120898,LINGUIST 134A,LINGUIST,collapsed_cross_listing,LINGUIST 234
120904,LINGUIST 284,LINGUIST,collapsed_cross_listing,CS 224N
120904,SYMSYS 195N,SYMSYS,collapsed_cross_listing,CS 224N
121668,MUSIC 14N,MUSIC,collapsed_cross_listing,FEMGEN 13N
121682,MUSIC 18A,MUSIC,collapsed_cross_listing,AFRICAAM 18A
121682,AMSTUD 18A,AMSTUD,collapsed_cross_listing,AFRICAAM 18A
121683,MUSIC 18B,MUSIC,collapsed_cross_listing,AFRICAAM 18B
121683,AMSTUD 18B,AMSTUD,collapsed_cross_listing,AFRICAAM 18B
121686,MUSIC 20A,MUSIC,collapsed_cross_listing,AFRICAAM 20A
121784,MUSIC 243J,MUSIC,collapsed_cross_listing,MUSIC 143J
121792,MUSIC 244J,MUSIC,collapsed_cross_listing,MUSIC 144J
121937,MUSIC 253,MUSIC,collapsed_cross_listing,CS 275A
121938,MUSIC 254,MUSIC,collapsed_cross_listing,CS 275B
122127,PHIL 60,PHIL,collapsed_cross_listing,HPS 60
122156,PHIL 100,PHIL,collapsed_cross_listing,CLASSICS 40
122184,PHIL 217,PHIL,collapsed_cross_listing,PHIL 117
122188,PHIL 225,PHIL,collapsed_cross_listing,PHIL 125
122242,PHIL 250,PHIL,collapsed_cross_listing,PHIL 150
122244,PHIL 251,PHIL,collapsed_cross_listing,PHIL 151
122245,PHIL 252,PHIL,collapsed_cross_listing,PHIL 152
122248,PHIL 262,PHIL,collapsed_cross_listing,PHIL 162
122256,PHIL 265,PHIL,collapsed_cross_listing,PHIL 165
122265,PHIL 254,PHIL,collapsed_cross_listing,PHIL 154
122266,PHIL 170,PHIL,collapsed_cross_listing,ETHICSOC 170
122266,PHIL 270,PHIL,collapsed_cross_listing,ETHICSOC 170
122269,POLISCI 103,POLISCI,collapsed_cross_listing,ETHICSOC 171
122269,POLISCI 336S,POLISCI,collapsed_cross_listing,ETHICSOC 171
122269,PUBLPOL 103C,PUBLPOL,collapsed_cross_listing,ETHICSOC 171
122269,PHIL 171,PHIL,collapsed_cross_listing,ETHICSOC 171
122269,INTNLREL 103,INTNLREL,collapsed_cross_listing,ETHICSOC 171
122284,PHIL 176,PHIL,collapsed_cross_listing,ETHICSOC 176
122284,PHIL 276,PHIL,collapsed_cross_listing,ETHICSOC 176
122284,POLISCI 137A,POLISCI,collapsed_cross_listing,ETHICSOC 176
122284,POLISCI 337A,POLISCI,collapsed_cross_listing,ETHICSOC 176
122290,PHIL 178,PHIL,collapsed_cross_listing,ETHICSOC 190
122295,PHIL 281,PHIL,collapsed_cross_listing,PHIL 181
122301,PHIL 284,PHIL,collapsed_cross_listing,PHIL 184
122303,PHIL 286,PHIL,collapsed_cross_listing,PHIL 186
122304,PHIL 287,PHIL,collapsed_cross_listing,PHIL 187
122677,PHYSICS 210,PHYSICS,collapsed_cross_listing,PHYSICS 110
122689,PHYSICS 260,PHYSICS,collapsed_cross_listing,PHYSICS 160
122690,PHYSICS 261,PHYSICS,collapsed_cross_listing,PHYSICS 161
122696,PHYSICS 172,PHYSICS,collapsed_cross_listing,APPPHYS 272
122849,POLISCI 101,POLISCI,collapsed_cross_listing,INTNLREL 101
122944,POLISCI 148,POLISCI,collapsed_cross_listing,INTNLREL 158
122944,POLISCI 348,POLISCI,collapsed_cross_listing,INTNLREL 158
122953,SOC 112,SOC,collapsed_cross_listing,POLISCI 147
123089,POLISCI 114S,POLISCI,collapsed_cross_listing,INTNLREL 114S
123165,CLASSICS 381,CLASSICS,collapsed_cross_listing,CLASSICS 181
123165,POLISCI 230A,POLISCI,collapsed_cross_listing,CLASSICS 181
123165,POLISCI 330A,POLISCI,collapsed_cross_listing,CLASSICS 181
123165,PHIL 176A,PHIL,collapsed_cross_listing,CLASSICS 181
123165,PHIL 276A,PHIL,collapsed_cross_listing,CLASSICS 181
123165,ETHICSOC 130A,ETHICSOC,collapsed_cross_listing,CLASSICS 181
123391,POLISCI 244U,POLISCI,collapsed_cross_listing,POLISCI 344U
123782,STATS 60,STATS,collapsed_cross_listing,PSYCH 10
123798,SOC 2,SOC,collapsed_cross_listing,PSYCH 70
124068,SYMSYS 195I,SYMSYS,collapsed_cross_listing,PSYCH 221
124109,PSYCH 252,PSYCH,collapsed_cross_listing,COMM 352
124459,SOC 214,SOC,collapsed_cross_listing,SOC 114
124463,SOC 217A,SOC,collapsed_cross_listing,SOC 117A
124464,SOC 218,SOC,collapsed_cross_listing,SOC 118
124474,SOC 226,SOC,collapsed_cross_listing,SOC 126
124478,EDUC 220C,EDUC,collapsed_cross_listing,EDUC 120C
124478,SOC 230,SOC,collapsed_cross_listing,EDUC 120C
124478,SOC 130,SOC,collapsed_cross_listing,EDUC 120C
124479,SOC 231,SOC,collapsed_cross_listing,EBS 306
124479,EDUC 136,EDUC,collapsed_cross_listing,EBS 306
124479,EDUC 306D,EDUC,collapsed_cross_listing,EBS 306
124484,SOC 236,SOC,collapsed_cross_listing,SOC 136
124494,FEMGEN 242,FEMGEN,collapsed_cross_listing,FEMGEN 142
124494,SOC 142,SOC,collapsed_cross_listing,FEMGEN 142
124494,SOC 242,SOC,collapsed_cross_listing,FEMGEN 142
124501,SOC 145,SOC,collapsed_cross_listing,CSRE 145
124501,SOC 245,SOC,collapsed_cross_listing,CSRE 145
124509,SOC 149,SOC,collapsed_cross_listing,CSRE 149A
124509,SOC 249,SOC,collapsed_cross_listing,CSRE 149A
124509,URBANST 112,URBANST,collapsed_cross_listing,CSRE 149A
124525,SOC 260,SOC,collapsed_cross_listing,SOC 160
124538,SOC 270,SOC,collapsed_cross_listing,SOC 170
124753,SOC 363A,SOC,collapsed_cross_listing,EDUC 375A
124753,MS&E 389,MS&E,collapsed_cross_listing,EDUC 375A
125121,TAPS 277,TAPS,collapsed_cross_listing,TAPS 177
125230,TAPS 313,TAPS,collapsed_cross_listing,ARTHIST 313
125230,FEMGEN 313,FEMGEN,collapsed_cross_listing,ARTHIST 313
125230,ENGLISH 313,ENGLISH,collapsed_cross_listing,ARTHIST 313
125309,TAPS 170B,TAPS,collapsed_cross_listing,TAPS 372
125330,DANCE 45,DANCE,collapsed_cross_listing,AFRICAAM 45
125424,STATS 206,STATS,collapsed_cross_listing,BMDS 240
125425,STATS 307,STATS,collapsed_cross_listing,STATS 207
125429,MED 206,MED,collapsed_cross_listing,BMDS 246
125429,EPI 206,EPI,collapsed_cross_listing,BMDS 246
125429,STATS 211,STATS,collapsed_cross_listing,BMDS 246
125429,CHPR 206,CHPR,collapsed_cross_listing,BMDS 246
125452,STATS 250,STATS,collapsed_cross_listing,MATH 238
125455,STATS 260B,STATS,collapsed_cross_listing,BMDS 280B
125457,EPI 261,EPI,collapsed_cross_listing,BMDS 241
125457,STATS 261,STATS,collapsed_cross_listing,BMDS 241
125461,STATS 262,STATS,collapsed_cross_listing,EPI 262
125484,STATS 310A,STATS,collapsed_cross_listing,MATH 230A
125485,STATS 310B,STATS,collapsed_cross_listing,MATH 230B
125486,STATS 310C,STATS,collapsed_cross_listing,MATH 230C
125494,STATS 318,STATS,collapsed_cross_listing,MATH 235
125555,STATS 271,STATS,collapsed_cross_listing,STATS 371
126249,FRENCH 395,FRENCH,collapsed_cross_listing,COMPLIT 359A
126249,ITALIAN 395,ITALIAN,collapsed_cross_listing,COMPLIT 359A
127150,POLISCI 315,POLISCI,collapsed_cross_listing,INTLPOL 250
127215,BMDS 201A,BMDS,collapsed_cross_listing,BMDS 201C
127215,BMDS 201B,BMDS,collapsed_cross_listing,BMDS 201C
127217,CS 270,CS,collapsed_cross_listing,BMDS 210
127288,SBIO 241,SBIO,collapsed_cross_listing,BIOC 241
127288,BIOPHYS 241,BIOPHYS,collapsed_cross_listing,BIOC 241
127288,BIOE 241,BIOE,collapsed_cross_listing,BIOC 241
127289,SBIO 242,SBIO,collapsed_cross_listing,BIOPHYS 242
127322,GENE 215,GENE,collapsed_cross_listing,BIOC 215
127322,DBIO 215,DBIO,collapsed_cross_listing,BIOC 215
127579,BIOC 224,BIOC,collapsed_cross_listing,BIO 214
127579,MCP 221,MCP,collapsed_cross_listing,BIO 214
127617,PEDS 210,PEDS,collapsed_cross_listing,FAMMED 210
127620,FEMGEN 215,FEMGEN,collapsed_cross_listing,CHPR 215
127810,MED 182,MED,collapsed_cross_listing,MED 282
127968,PEDS 282,PEDS,collapsed_cross_listing,OBGYN 282
128290,PSYC 239,PSYC,collapsed_cross_listing,PSYC 139
128645,MED 235,MED,collapsed_cross_listing,EPI 231
128652,STATS 260A,STATS,collapsed_cross_listing,BMDS 280A
128654,STATS 260C,STATS,collapsed_cross_listing,BMDS 280C
129085,CEE 207A,CEE,collapsed_cross_listing,CEE 107A
129085,EARTHSYS 103,EARTHSYS,collapsed_cross_listing,CEE 107A
129085,ENERGY 207A,ENERGY,collapsed_cross_listing,CEE 107A
129085,ENERGY 107A,ENERGY,collapsed_cross_listing,CEE 107A
129098,CEE 262D,CEE,collapsed_cross_listing,CEE 162D
129098,ESS 148,ESS,collapsed_cross_listing,CEE 162D
129098,EARTHSYS 164,EARTHSYS,collapsed_cross_listing,CEE 162D
129098,OCEANS 162D,OCEANS,collapsed_cross_listing,CEE 162D
129098,OCEANS 262D,OCEANS,collapsed_cross_listing,CEE 162D
129122,GEOPHYS 90,GEOPHYS,collapsed_cross_listing,EARTHSYS 113
129139,GEOPHYS 110,GEOPHYS,collapsed_cross_listing,EARTHSYS 110
129139,GEOPHYS 215,GEOPHYS,collapsed_cross_listing,EARTHSYS 110
129141,GEOPHYS 112,GEOPHYS,collapsed_cross_listing,ENERGY 112
129142,GEOPHYS 101,GEOPHYS,collapsed_cross_listing,GEOPHYS 201
129152,GEOPHYS 281,GEOPHYS,collapsed_cross_listing,ENERGY 283
129198,GEOPHYS 262,GEOPHYS,collapsed_cross_listing,ENERGY 252
129501,ESS 256,ESS,collapsed_cross_listing,EARTHSYS 256
129504,ESS 155,ESS,collapsed_cross_listing,EARTHSYS 155
129515,ESS 164,ESS,collapsed_cross_listing,EARTHSYS 144
129516,EARTHSYS 242,EARTHSYS,collapsed_cross_listing,EARTHSYS 142
129516,ESS 162,ESS,collapsed_cross_listing,EARTHSYS 142
129516,ESS 262,ESS,collapsed_cross_listing,EARTHSYS 142
129520,ENGR 312,ENGR,collapsed_cross_listing,CTL 312
129537,ESS 220,ESS,collapsed_cross_listing,CEE 260A
129538,ESS 221,ESS,collapsed_cross_listing,CEE 260C
129668,ENERGY 131,ENERGY,collapsed_cross_listing,EARTHSYS 101
129675,ENGR 120,ENGR,collapsed_cross_listing,ENERGY 140
129715,ENERGY 221,ENERGY,collapsed_cross_listing,ENERGY 121
129723,ENERGY 240,ENERGY,collapsed_cross_listing,EARTHSYS 240
129723,EPS 240,EPS,collapsed_cross_listing,EARTHSYS 240
129723,EPS 140,EPS,collapsed_cross_listing,EARTHSYS 240
129723,ESS 239,ESS,collapsed_cross_listing,EARTHSYS 240
129738,ENERGY 267,ENERGY,collapsed_cross_listing,ENERGY 167
130926,URBANST 110,URBANST,collapsed_cross_listing,HISTORY 107
130926,SOC 100,SOC,collapsed_cross_listing,HISTORY 107
130984,URBANST 163,URBANST,collapsed_cross_listing,AMSTUD 163
130984,PUBLPOL 163,PUBLPOL,collapsed_cross_listing,AMSTUD 163
130984,EARTHSYS 168,EARTHSYS,collapsed_cross_listing,AMSTUD 163
131005,URBANST 196,URBANST,collapsed_cross_listing,EDUC 196
140036,EE 368,EE,collapsed_cross_listing,CS 232
140056,ME 485,ME,collapsed_cross_listing,BIOE 485
140587,CHINA 207,CHINA,collapsed_cross_listing,CHINA 107
140782,COMPLIT 273,COMPLIT,collapsed_cross_listing,COMPLIT 173
140782,SLAVIC 156,SLAVIC,collapsed_cross_listing,COMPLIT 173
140782,SLAVIC 356,SLAVIC,collapsed_cross_listing,COMPLIT 173
140838,SYMSYS 1,SYMSYS,collapsed_cross_listing,CS 24
140838,LINGUIST 35,LINGUIST,collapsed_cross_listing,CS 24
140838,PSYCH 35,PSYCH,collapsed_cross_listing,CS 24
140838,PHIL 99,PHIL,collapsed_cross_listing,CS 24
140838,SYMSYS 200,SYMSYS,collapsed_cross_listing,CS 24
141029,BMDS 212,BMDS,collapsed_cross_listing,BIOE 212
141029,GENE 212,GENE,collapsed_cross_listing,BIOE 212
141029,CS 272,CS,collapsed_cross_listing,BIOE 212
141030,BMDS 214,BMDS,collapsed_cross_listing,BIOE 214
141030,CS 274,CS,collapsed_cross_listing,BIOE 214
141030,GENE 214,GENE,collapsed_cross_listing,BIOE 214
141060,ENERGY 141,ENERGY,collapsed_cross_listing,ENERGY 241
141060,GEOPHYS 241A,GEOPHYS,collapsed_cross_listing,ENERGY 241
200162,EARTHSYS 241,EARTHSYS,collapsed_cross_listing,EARTHSYS 141
200162,ESS 141,ESS,collapsed_cross_listing,EARTHSYS 141
200162,ESS 241,ESS,collapsed_cross_listing,EARTHSYS 141
200162,GEOPHYS 141,GEOPHYS,collapsed_cross_listing,EARTHSYS 141
200181,CHINA 205,CHINA,collapsed_cross_listing,CHINA 105
200264,PHYSICS 234,PHYSICS,collapsed_cross_listing,PHYSICS 134
200312,JEWISHST 106,JEWISHST,collapsed_cross_listing,COMPLIT 145
200312,CSRE 145A,CSRE,collapsed_cross_listing,COMPLIT 145
200464,ENGLISH 310,ENGLISH,collapsed_cross_listing,COMPLIT 332
200464,ENGLISH 210,ENGLISH,collapsed_cross_listing,COMPLIT 332
200519,ANTHRO 210B,ANTHRO,collapsed_cross_listing,ANTHRO 110B
200851,CLASSICS 162,CLASSICS,collapsed_cross_listing,ARTHIST 102
200988,ORALCOMM 215,ORALCOMM,collapsed_cross_listing,ORALCOMM 115
201039,MATSCI 210,MATSCI,collapsed_cross_listing,MATSCI 190
201047,STATS 141,STATS,collapsed_cross_listing,BIO 141
201105,MED 272A,MED,collapsed_cross_listing,BIOE 374A
201105,ME 368A,ME,collapsed_cross_listing,BIOE 374A
201141,HISTORY 207,HISTORY,collapsed_cross_listing,AMSTUD 207B
201141,HISTORY 308,HISTORY,collapsed_cross_listing,AMSTUD 207B
201141,JEWISHST 207,JEWISHST,collapsed_cross_listing,AMSTUD 207B
201160,PHIL 391,PHIL,collapsed_cross_listing,CS 353
201162,EARTHSYS 204,EARTHSYS,collapsed_cross_listing,EARTHSYS 104
201162,GEOPHYS 104,GEOPHYS,collapsed_cross_listing,EARTHSYS 104
201162,GEOPHYS 204,GEOPHYS,collapsed_cross_listing,EARTHSYS 104
201166,LINGUIST 230A,LINGUIST,collapsed_cross_listing,LINGUIST 130A
201183,ARCHLGY 103,ARCHLGY,collapsed_cross_listing,ANTHRO 103B
201183,CLASSICS 170,CLASSICS,collapsed_cross_listing,ANTHRO 103B
201188,CSRE 116,CSRE,collapsed_cross_listing,NATIVEAM 116
201188,CSRE 302,CSRE,collapsed_cross_listing,NATIVEAM 116
201188,EDUC 186,EDUC,collapsed_cross_listing,NATIVEAM 116
201188,EDUC 286,EDUC,collapsed_cross_listing,NATIVEAM 116
201190,MS&E 292,MS&E,collapsed_cross_listing,HRP 293
201210,MED 272B,MED,collapsed_cross_listing,BIOE 374B
201210,ME 368B,ME,collapsed_cross_listing,BIOE 374B
201262,BIO 244,BIO,collapsed_cross_listing,BIO 113
201425,ENGLISH 139B,ENGLISH,collapsed_cross_listing,AMSTUD 139B
201442,SOC 332,SOC,collapsed_cross_listing,EDUC 310
201446,EDUC 212,EDUC,collapsed_cross_listing,AFRICAAM 112
201446,EDUC 112,EDUC,collapsed_cross_listing,AFRICAAM 112
201446,SOC 129X,SOC,collapsed_cross_listing,AFRICAAM 112
201446,SOC 229X,SOC,collapsed_cross_listing,AFRICAAM 112
201446,CSRE 112X,CSRE,collapsed_cross_listing,AFRICAAM 112
201446,URBANST 115,URBANST,collapsed_cross_listing,AFRICAAM 112
201459,FEMGEN 119,FEMGEN,collapsed_cross_listing,ANTHRO 111
201459,ARCHLGY 129,ARCHLGY,collapsed_cross_listing,ANTHRO 111
201521,HISTORY 328,HISTORY,collapsed_cross_listing,HISTORY 228
201521,JEWISHST 282,JEWISHST,collapsed_cross_listing,HISTORY 228
201521,JEWISHST 382,JEWISHST,collapsed_cross_listing,HISTORY 228
201538,GEOPHYS 162,GEOPHYS,collapsed_cross_listing,CEE 192
201538,GEOPHYS 259,GEOPHYS,collapsed_cross_listing,CEE 192
201538,EPS 230,EPS,collapsed_cross_listing,CEE 192
201539,GEOPHYS 265,GEOPHYS,collapsed_cross_listing,EE 355
201559,SOC 167A,SOC,collapsed_cross_listing,INTLPOL 244D
201559,SOC 267A,SOC,collapsed_cross_listing,INTLPOL 244D
201657,ENGR 155C,ENGR,collapsed_cross_listing,CME 106
201745,SOC 317W,SOC,collapsed_cross_listing,EDUC 317
201871,PHIL 237,PHIL,collapsed_cross_listing,PHIL 137
201886,JAPAN 297,JAPAN,collapsed_cross_listing,JAPAN 197
201999,HISTORY 295J,HISTORY,collapsed_cross_listing,CHINA 295J
201999,FEMGEN 295J,FEMGEN,collapsed_cross_listing,CHINA 295J
202012,ESS 38N,ESS,collapsed_cross_listing,EARTHSYS 38N
202012,EPS 38N,EPS,collapsed_cross_listing,EARTHSYS 38N
202013,BIO 323H,BIO,collapsed_cross_listing,BIO 182H
202013,OCEANS 323H,OCEANS,collapsed_cross_listing,BIO 182H
202013,OCEANS 182H,OCEANS,collapsed_cross_listing,BIO 182H
202013,ESS 323,ESS,collapsed_cross_listing,BIO 182H
202013,EARTHSYS 323,EARTHSYS,collapsed_cross_listing,BIO 182H
202045,EDUC 245,EDUC,collapsed_cross_listing,AFRICAAM 245
202045,CSRE 245,CSRE,collapsed_cross_listing,AFRICAAM 245
202045,PSYCH 245A,PSYCH,collapsed_cross_listing,AFRICAAM 245
202052,PWR 295,PWR,collapsed_cross_listing,PWR 195
202088,CEE 262E,CEE,collapsed_cross_listing,CEE 162E
202097,INTNLREL 140C,INTNLREL,collapsed_cross_listing,HISTORY 201C
202123,CEE 266A,CEE,collapsed_cross_listing,CEE 166A
202124,CEE 266B,CEE,collapsed_cross_listing,CEE 166B
202142,SOC 319,SOC,collapsed_cross_listing,COMM 314
202176,PUBLPOL 124,PUBLPOL,collapsed_cross_listing,POLISCI 120C
202188,STATS 219,STATS,collapsed_cross_listing,MATH 136
202214,STATS 370,STATS,collapsed_cross_listing,STATS 270
202220,SOC 368W,SOC,collapsed_cross_listing,POLISCI 448R
202262,RAD 220,RAD,collapsed_cross_listing,BIOE 220
202262,BMP 220,BMP,collapsed_cross_listing,BIOE 220
202280,CLASSICS 21Q,CLASSICS,collapsed_cross_listing,ARCHLGY 21Q
202293,URBANST 133,URBANST,collapsed_cross_listing,EARTHSYS 133
202303,ME 281,ME,collapsed_cross_listing,BIOE 281
202310,COMM 120W,COMM,collapsed_cross_listing,AMSTUD 120
202310,COMM 220,COMM,collapsed_cross_listing,AMSTUD 120
202327,ANTHRO 233,ANTHRO,collapsed_cross_listing,ANTHRO 133
202327,FEMGEN 133M,FEMGEN,collapsed_cross_listing,ANTHRO 133
202341,HUMBIO 17SC,HUMBIO,collapsed_cross_listing,ANTHRO 10SC
202354,ENGR 154,ENGR,collapsed_cross_listing,CME 100
202389,SOC 111,SOC,collapsed_cross_listing,INTNLREL 143
202389,SOC 211,SOC,collapsed_cross_listing,INTNLREL 143
202405,ARTSTUDI 136A,ARTSTUDI,collapsed_cross_listing,ARTSTUDI 236
202405,MUSIC 236,MUSIC,collapsed_cross_listing,ARTSTUDI 236
202472,NATIVEAM 109A,NATIVEAM,collapsed_cross_listing,CSRE 109A
202474,PSYCH 174A,PSYCH,collapsed_cross_listing,PSYCH 204A
202517,ENGLISH 360B,ENGLISH,collapsed_cross_listing,COMPLIT 360B
202518,HRP 252,HRP,collapsed_cross_listing,BMDS 237
202518,MED 252,MED,collapsed_cross_listing,BMDS 237
202580,OCEANS 3,OCEANS,collapsed_cross_listing,BIO 3
202657,CSB 260,CSB,collapsed_cross_listing,CHEM 289
202700,FILMEDIA 302,FILMEDIA,collapsed_cross_listing,FILMEDIA 102
202710,MCP 156,MCP,collapsed_cross_listing,MCP 256
202748,MATSCI 346,MATSCI,collapsed_cross_listing,EE 336
202752,MED 247,MED,collapsed_cross_listing,CHPR 247
202776,CEE 251,CEE,collapsed_cross_listing,CEE 151
202785,EE 180,EE,collapsed_cross_listing,CS 180
202803,ARTHIST 385,ARTHIST,collapsed_cross_listing,ARTHIST 185
202803,EASTASN 385B,EASTASN,collapsed_cross_listing,ARTHIST 185
202803,CHINA 185A,CHINA,collapsed_cross_listing,ARTHIST 185
202803,CHINA 385A,CHINA,collapsed_cross_listing,ARTHIST 185
202933,EE 402T,EE,collapsed_cross_listing,EALC 402T
202933,MATSCI 402T,MATSCI,collapsed_cross_listing,EALC 402T
202933,EASTASN 402T,EASTASN,collapsed_cross_listing,EALC 402T
202995,HISTORY 233,HISTORY,collapsed_cross_listing,HISTORY 333
203008,CLASSICS 53,CLASSICS,collapsed_cross_listing,ARCHLGY 42
203031,COMPLIT 142,COMPLIT,collapsed_cross_listing,AMSTUD 142
203031,CSRE 142,CSRE,collapsed_cross_listing,AMSTUD 142
203154,ENGLISH 152G,ENGLISH,collapsed_cross_listing,AFRICAAM 152G
203154,AMSTUD 152G,AMSTUD,collapsed_cross_listing,AFRICAAM 152G
203185,PSYCH 268,PSYCH,collapsed_cross_listing,PSYCH 168
203189,PSYCH 174B,PSYCH,collapsed_cross_listing,PSYCH 204B
203268,ENERGY 132,ENERGY,collapsed_cross_listing,EARTHSYS 102
203310,HISTORY 303F,HISTORY,collapsed_cross_listing,CLASSICS 331
203325,HISTORY 392B,HISTORY,collapsed_cross_listing,CHINA 392B
203329,POLISCI 421K,POLISCI,collapsed_cross_listing,COMM 339
203329,PSYCH 231,PSYCH,collapsed_cross_listing,COMM 339
203329,PUBLPOL 339,PUBLPOL,collapsed_cross_listing,COMM 339
203336,EPI 159,EPI,collapsed_cross_listing,EPI 259
203386,POLISCI 110C,POLISCI,collapsed_cross_listing,AMSTUD 110C
203386,INTNLREL 110C,INTNLREL,collapsed_cross_listing,AMSTUD 110C
203419,HUMBIO 125,HUMBIO,collapsed_cross_listing,CHPR 256
203419,FEMGEN 256,FEMGEN,collapsed_cross_listing,CHPR 256
203426,HUMBIO 159,HUMBIO,collapsed_cross_listing,EPI 238
203466,GENE 202,GENE,collapsed_cross_listing,BIOC 205
203682,LINGUIST 285,LINGUIST,collapsed_cross_listing,CS 224S
203834,ANES 221,ANES,collapsed_cross_listing,ANES 121
203893,ENERGY 277B,ENERGY,collapsed_cross_listing,ENERGY 177B
204007,PHIL 208,PHIL,collapsed_cross_listing,PHIL 108
204021,OCEANS 247H,OCEANS,collapsed_cross_listing,OCEANS 47H
204025,ENGLISH 68N,ENGLISH,collapsed_cross_listing,AMSTUD 68N
204030,BIO 132,BIO,collapsed_cross_listing,APPPHYS 232
204030,BIO 232,BIO,collapsed_cross_listing,APPPHYS 232
204030,BIOPHYS 232,BIOPHYS,collapsed_cross_listing,APPPHYS 232
204030,GENE 232,GENE,collapsed_cross_listing,APPPHYS 232
204030,BIOE 232,BIOE,collapsed_cross_listing,APPPHYS 232
204034,FRENCH 181,FRENCH,collapsed_cross_listing,CLASSICS 42
204034,ITALIAN 181,ITALIAN,collapsed_cross_listing,CLASSICS 42
204034,PHIL 81,PHIL,collapsed_cross_listing,CLASSICS 42
204034,ENGLISH 81,ENGLISH,collapsed_cross_listing,CLASSICS 42
204034,GERMAN 181,GERMAN,collapsed_cross_listing,CLASSICS 42
204034,COMPLIT 181,COMPLIT,collapsed_cross_listing,CLASSICS 42
204034,SLAVIC 181,SLAVIC,collapsed_cross_listing,CLASSICS 42
204034,ILAC 181,ILAC,collapsed_cross_listing,CLASSICS 42
204083,URBANST 123A,URBANST,collapsed_cross_listing,CSRE 146A
204128,HISTORY 102A,HISTORY,collapsed_cross_listing,CLASSICS 84
204161,POLISCI 110D,POLISCI,collapsed_cross_listing,AMSTUD 110D
204161,INTNLREL 110D,INTNLREL,collapsed_cross_listing,AMSTUD 110D
204179,COMM 266,COMM,collapsed_cross_listing,COMM 166
204221,YDDSHLNG 1,YDDSHLNG,collapsed_cross_listing,JEWISHST 104A
204254,RAD 222,RAD,collapsed_cross_listing,BIOE 222
204254,BMP 222,BMP,collapsed_cross_listing,BIOE 222
204256,BIOPHYS 200A,BIOPHYS,collapsed_cross_listing,BIOE 300A
204259,MED 289,MED,collapsed_cross_listing,BIOE 390
204339,EARTHSYS 258,EARTHSYS,collapsed_cross_listing,EARTHSYS 158
204339,ESS 258,ESS,collapsed_cross_listing,EARTHSYS 158
204339,ESS 158,ESS,collapsed_cross_listing,EARTHSYS 158
204395,CSRE 103S,CSRE,collapsed_cross_listing,AMSTUD 103
204395,NATIVEAM 103S,NATIVEAM,collapsed_cross_listing,AMSTUD 103
204395,FEMGEN 103S,FEMGEN,collapsed_cross_listing,AMSTUD 103
204437,HISTORY 144,HISTORY,collapsed_cross_listing,FEMGEN 144
204438,NATIVEAM 140,NATIVEAM,collapsed_cross_listing,HISTORY 140
204443,HISTORY 392D,HISTORY,collapsed_cross_listing,HISTORY 292D
204443,JAPAN 392D,JAPAN,collapsed_cross_listing,HISTORY 292D
204459,HISTORY 154,HISTORY,collapsed_cross_listing,AMSTUD 154
204465,HISTORY 495A,HISTORY,collapsed_cross_listing,CHINA 495A
204468,HISTORY 495B,HISTORY,collapsed_cross_listing,CHINA 495B
204488,JAPAN 317B,JAPAN,collapsed_cross_listing,JAPAN 217B
204488,RELIGST 217B,RELIGST,collapsed_cross_listing,JAPAN 217B
204488,RELIGST 317B,RELIGST,collapsed_cross_listing,JAPAN 217B
204514,MS&E 338,MS&E,collapsed_cross_listing,CS 338
204548,URBANST 165,URBANST,collapsed_cross_listing,EARTHSYS 165
204551,EARTHSYS 214,EARTHSYS,collapsed_cross_listing,EARTHSYS 114
204551,HUMBIO 114,HUMBIO,collapsed_cross_listing,EARTHSYS 114
204551,EBS 213,EBS,collapsed_cross_listing,EARTHSYS 114
204556,YDDSHLNG 2,YDDSHLNG,collapsed_cross_listing,JEWISHST 104B
204557,YDDSHLNG 3,YDDSHLNG,collapsed_cross_listing,JEWISHST 104C
204559,OCEANS 363C,OCEANS,collapsed_cross_listing,CEE 363C
204560,OCEANS 262C,OCEANS,collapsed_cross_listing,CEE 262C
204607,CLASSICS 153,CLASSICS,collapsed_cross_listing,ARCHLGY 153
204607,URBANST 119,URBANST,collapsed_cross_listing,ARCHLGY 153
204608,CLASSICS 151,CLASSICS,collapsed_cross_listing,ARCHLGY 151
204615,POLISCI 248S,POLISCI,collapsed_cross_listing,POLISCI 348S
204656,ARTHIST 306,ARTHIST,collapsed_cross_listing,ARTHIST 106
204656,CLASSICS 171,CLASSICS,collapsed_cross_listing,ARTHIST 106
204806,MS&E 365,MS&E,collapsed_cross_listing,ECON 287
204826,EMED 111A,EMED,collapsed_cross_listing,EMED 211A
204914,EDUC 417,EDUC,collapsed_cross_listing,EDUC 117
204914,PUBLPOL 217A,PUBLPOL,collapsed_cross_listing,EDUC 117
204914,PUBLPOL 117,PUBLPOL,collapsed_cross_listing,EDUC 117
204916,SOC 258B,SOC,collapsed_cross_listing,EDUC 430B
204929,MS&E 256,MS&E,collapsed_cross_listing,BIOE 256
204932,OCEANS 269,OCEANS,collapsed_cross_listing,ESS 259
204933,SOC 224B,SOC,collapsed_cross_listing,EDUC 312
204964,PATH 101,PATH,collapsed_cross_listing,CBIO 101
204968,GEOPHYS 254,GEOPHYS,collapsed_cross_listing,EPS 254
204995,POLISCI 114D,POLISCI,collapsed_cross_listing,INTLPOL 230
204995,INTNLREL 114D,INTNLREL,collapsed_cross_listing,INTLPOL 230
204995,POLISCI 314D,POLISCI,collapsed_cross_listing,INTLPOL 230
204995,REES 230,REES,collapsed_cross_listing,INTLPOL 230
205070,EPS 295,EPS,collapsed_cross_listing,EPS 190
205087,EPS 280,EPS,collapsed_cross_listing,EPS 180
205211,CHEMENG 164X,CHEMENG,collapsed_cross_listing,CHEMENG 464
205215,CHEMENG 281,CHEMENG,collapsed_cross_listing,CHEM 181
205215,CHEMENG 181,CHEMENG,collapsed_cross_listing,CHEM 181
205216,CHEMENG 283,CHEMENG,collapsed_cross_listing,CHEM 183
205216,CHEMENG 183,CHEMENG,collapsed_cross_listing,CHEM 183
205222,MATSCI 170,MATSCI,collapsed_cross_listing,MATSCI 160
205238,PSYCH 102,PSYCH,collapsed_cross_listing,HUMBIO 149L
205238,MED 229,MED,collapsed_cross_listing,HUMBIO 149L
205275,CEE 275A,CEE,collapsed_cross_listing,CEE 175A
205275,EBS 175,EBS,collapsed_cross_listing,CEE 175A
205275,EBS 275,EBS,collapsed_cross_listing,CEE 175A
205291,ME 412,ME,collapsed_cross_listing,CME 356
205317,BIOE 231,BIOE,collapsed_cross_listing,BIOE 331
205367,BMP 301B,BMP,collapsed_cross_listing,BIOE 301B
205379,ME 455,ME,collapsed_cross_listing,CHEMENG 462
205399,RELIGST 310,RELIGST,collapsed_cross_listing,RELIGST 210
205418,LINGUIST 188,LINGUIST,collapsed_cross_listing,CS 224U
205418,LINGUIST 288,LINGUIST,collapsed_cross_listing,CS 224U
205418,SYMSYS 195U,SYMSYS,collapsed_cross_listing,CS 224U
205419,EE 235,EE,collapsed_cross_listing,BIOE 301A
205478,ARCHLGY 102,ARCHLGY,collapsed_cross_listing,ANTHRO 91A
205497,FILMEDIA 300C,FILMEDIA,collapsed_cross_listing,FILMEDIA 100C
205497,ARTHIST 164,ARTHIST,collapsed_cross_listing,FILMEDIA 100C
205497,ARTHIST 364,ARTHIST,collapsed_cross_listing,FILMEDIA 100C
205497,CSRE 102C,CSRE,collapsed_cross_listing,FILMEDIA 100C
205497,CSRE 302C,CSRE,collapsed_cross_listing,FILMEDIA 100C
205497,GLOBAL 193,GLOBAL,collapsed_cross_listing,FILMEDIA 100C
205497,GLOBAL 390,GLOBAL,collapsed_cross_listing,FILMEDIA 100C
205497,TAPS 100C,TAPS,collapsed_cross_listing,FILMEDIA 100C
205497,TAPS 300C,TAPS,collapsed_cross_listing,FILMEDIA 100C
205497,FEMGEN 100C,FEMGEN,collapsed_cross_listing,FILMEDIA 100C
205497,FEMGEN 300C,FEMGEN,collapsed_cross_listing,FILMEDIA 100C
205500,FILMEDIA 300A,FILMEDIA,collapsed_cross_listing,FILMEDIA 100A
205510,FILMEDIA 490,FILMEDIA,collapsed_cross_listing,FILMEDIA 290
205538,HISTORY 193,HISTORY,collapsed_cross_listing,CHINA 183
205538,FEMGEN 193,FEMGEN,collapsed_cross_listing,CHINA 183
205540,HISTORY 391E,HISTORY,collapsed_cross_listing,HISTORY 291E
205549,HISTORY 333F,HISTORY,collapsed_cross_listing,HISTORY 233F
205556,HISTORY 44Q,HISTORY,collapsed_cross_listing,FEMGEN 44Q
205558,HISTORY 343G,HISTORY,collapsed_cross_listing,HISTORY 243G
205588,RAD 227,RAD,collapsed_cross_listing,BIOE 227
205588,BIOPHYS 227,BIOPHYS,collapsed_cross_listing,BIOE 227
205588,BMP 227,BMP,collapsed_cross_listing,BIOE 227
205624,COMM 1B,COMM,collapsed_cross_listing,AMSTUD 1B
205624,FEMGEN 1B,FEMGEN,collapsed_cross_listing,AMSTUD 1B
205753,HISTORY 224D,HISTORY,collapsed_cross_listing,HISTORY 424B
205753,REES 224B,REES,collapsed_cross_listing,HISTORY 424B
205758,JEWISHST 486B,JEWISHST,collapsed_cross_listing,HISTORY 486B
205777,CLASSICS 163,CLASSICS,collapsed_cross_listing,ARTHIST 203
205795,FILMPROD 304,FILMPROD,collapsed_cross_listing,FILMPROD 104
205803,PUBLPOL 316,PUBLPOL,collapsed_cross_listing,EDUC 306B
205849,MS&E 278,MS&E,collapsed_cross_listing,ENGR 208
205903,NBIO 215,NBIO,collapsed_cross_listing,ANES 215
205903,NEPR 215,NEPR,collapsed_cross_listing,ANES 215
205915,PSYCH 134,PSYCH,collapsed_cross_listing,PSYCH 232
205918,ME 297,ME,collapsed_cross_listing,DESIGN 257
205969,POLISCI 321,POLISCI,collapsed_cross_listing,COMM 308
205969,PSYCH 284,PSYCH,collapsed_cross_listing,COMM 308
205975,EMED 111B,EMED,collapsed_cross_listing,EMED 211B
205976,EMED 111C,EMED,collapsed_cross_listing,EMED 211C
205980,PSYC 135,PSYC,collapsed_cross_listing,PSYC 235
206346,MATSCI 50M,MATSCI,collapsed_cross_listing,ENGR 50M
206366,FEMGEN 255,FEMGEN,collapsed_cross_listing,FEMGEN 155
206366,SOC 155,SOC,collapsed_cross_listing,FEMGEN 155
206366,SOC 255,SOC,collapsed_cross_listing,FEMGEN 155
206386,RAD 224,RAD,collapsed_cross_listing,BIOE 224
206386,BMP 224,BMP,collapsed_cross_listing,BIOE 224
206403,BMDS 217,BMDS,collapsed_cross_listing,BIOE 217
206403,CS 275,CS,collapsed_cross_listing,BIOE 217
206403,GENE 217,GENE,collapsed_cross_listing,BIOE 217
206451,RELIGST 247,RELIGST,collapsed_cross_listing,RELIGST 347
206532,ARTHIST 430,ARTHIST,collapsed_cross_listing,FILMEDIA 430
206538,MATSCI 174,MATSCI,collapsed_cross_listing,MATSCI 164
206540,FILMEDIA 210,FILMEDIA,collapsed_cross_listing,FILMEDIA 410
206541,FILMEDIA 211,FILMEDIA,collapsed_cross_listing,FILMEDIA 411
206567,FEMGEN 24N,FEMGEN,collapsed_cross_listing,CLASSICS 16N
206575,FILMEDIA 301,FILMEDIA,collapsed_cross_listing,FILMEDIA 101
206575,ARTHIST 199,ARTHIST,collapsed_cross_listing,FILMEDIA 101
206575,TAPS 101F,TAPS,collapsed_cross_listing,FILMEDIA 101
206575,FEMGEN 104,FEMGEN,collapsed_cross_listing,FILMEDIA 101
206575,ASNAMST 108,ASNAMST,collapsed_cross_listing,FILMEDIA 101
206610,JAPAN 288,JAPAN,collapsed_cross_listing,ARTHIST 287A
206610,JAPAN 188,JAPAN,collapsed_cross_listing,ARTHIST 287A
206645,MATSCI 381,MATSCI,collapsed_cross_listing,BIOE 361
206652,EE 364A,EE,collapsed_cross_listing,CME 364A
206654,EE 364B,EE,collapsed_cross_listing,CME 364B
206696,ARTHIST 143A,ARTHIST,collapsed_cross_listing,AMSTUD 143A
206696,ARTHIST 343A,ARTHIST,collapsed_cross_listing,AMSTUD 143A
206709,HISTORY 333C,HISTORY,collapsed_cross_listing,HISTORY 233C
206764,MED 262,MED,collapsed_cross_listing,ECON 127
206764,HRP 227,HRP,collapsed_cross_listing,ECON 127
206846,CHILATST 180E,CHILATST,collapsed_cross_listing,CSRE 180E
206846,EDUC 179E,EDUC,collapsed_cross_listing,CSRE 180E
206877,POLISCI 460A,POLISCI,collapsed_cross_listing,ECON 220
206896,ENGR 80,ENGR,collapsed_cross_listing,BIOE 80
206908,SOC 280A,SOC,collapsed_cross_listing,SOC 180A
206909,SOC 280B,SOC,collapsed_cross_listing,SOC 180B
206920,ENERGY 204,ENERGY,collapsed_cross_listing,ENERGY 134
206975,MS&E 494,MS&E,collapsed_cross_listing,CEE 301
206975,ENERGY 301,ENERGY,collapsed_cross_listing,CEE 301
207002,COMM 277D,COMM,collapsed_cross_listing,COMM 177D
207071,PEDS 250,PEDS,collapsed_cross_listing,HUMBIO 122H
207071,PEDS 150,PEDS,collapsed_cross_listing,HUMBIO 122H
207071,MED 202,MED,collapsed_cross_listing,HUMBIO 122H
207104,COMM 277Y,COMM,collapsed_cross_listing,COMM 177Y
207120,COMM 277S,COMM,collapsed_cross_listing,COMM 177SW
207148,ENGR 210,ENGR,collapsed_cross_listing,ENGR 110
207196,CS 173A,CS,collapsed_cross_listing,BMDS 173A
207196,DBIO 173A,DBIO,collapsed_cross_listing,BMDS 173A
207233,NBIO 201,NBIO,collapsed_cross_listing,NBIO 101
207250,COMM 177C,COMM,collapsed_cross_listing,COMM 277C
207250,EARTHSYS 177C,EARTHSYS,collapsed_cross_listing,COMM 277C
207250,EARTHSYS 277C,EARTHSYS,collapsed_cross_listing,COMM 277C
207268,GEOPHYS 181,GEOPHYS,collapsed_cross_listing,GEOPHYS 203
207349,HISTORY 393F,HISTORY,collapsed_cross_listing,HISTORY 293F
207349,SOC 217B,SOC,collapsed_cross_listing,HISTORY 293F
207349,SOC 317B,SOC,collapsed_cross_listing,HISTORY 293F
207354,ESS 46N,ESS,collapsed_cross_listing,EARTHSYS 46N
207354,OCEANS 46N,OCEANS,collapsed_cross_listing,EARTHSYS 46N
207373,PHIL 255,PHIL,collapsed_cross_listing,PHIL 155
207454,CHINA 268,CHINA,collapsed_cross_listing,CHINA 168
207461,URBANST 114,URBANST,collapsed_cross_listing,ANTHRO 126
207468,PHIL 213,PHIL,collapsed_cross_listing,PHIL 113
207496,PHIL 172,PHIL,collapsed_cross_listing,ETHICSOC 172
207496,PHIL 272,PHIL,collapsed_cross_listing,ETHICSOC 172
207602,CSRE 117S,CSRE,collapsed_cross_listing,NATIVEAM 117S
207602,HISTORY 250A,HISTORY,collapsed_cross_listing,NATIVEAM 117S
207604,PHIL 282H,PHIL,collapsed_cross_listing,PHIL 182H
207605,HISTORY 393,HISTORY,collapsed_cross_listing,CHINA 393
207636,PUBLPOL 156,PUBLPOL,collapsed_cross_listing,HUMBIO 122A
207645,PUBLPOL 301A,PUBLPOL,collapsed_cross_listing,INTLPOL 204A
207645,PUBLPOL 50,PUBLPOL,collapsed_cross_listing,INTLPOL 204A
207646,PUBLPOL 301B,PUBLPOL,collapsed_cross_listing,INTLPOL 204B
207702,HISTORY 209F,HISTORY,collapsed_cross_listing,HISTORY 309F
207728,INTNLREL 247,INTNLREL,collapsed_cross_listing,INTNLREL 147
207806,CHILATST 201B,CHILATST,collapsed_cross_listing,CSRE 201B
207834,FEMGEN 156H,FEMGEN,collapsed_cross_listing,AMSTUD 156H
207880,CSRE 443C,CSRE,collapsed_cross_listing,CSRE 243C
207880,NATIVEAM 243C,NATIVEAM,collapsed_cross_listing,CSRE 243C
207880,NATIVEAM 343C,NATIVEAM,collapsed_cross_listing,CSRE 243C
207880,HISTORY 243C,HISTORY,collapsed_cross_listing,CSRE 243C
207880,HISTORY 343C,HISTORY,collapsed_cross_listing,CSRE 243C
207880,HISTORY 443C,HISTORY,collapsed_cross_listing,CSRE 243C
207880,FEMGEN 443C,FEMGEN,collapsed_cross_listing,CSRE 243C
207880,FEMGEN 243C,FEMGEN,collapsed_cross_listing,CSRE 243C
207908,BIOE 213,BIOE,collapsed_cross_listing,APPPHYS 223
207908,PHYSICS 223,PHYSICS,collapsed_cross_listing,APPPHYS 223
207917,EARTHSYS 281,EARTHSYS,collapsed_cross_listing,EARTHSYS 181
207917,URBANST 181,URBANST,collapsed_cross_listing,EARTHSYS 181
207924,BIOPHYS 294,BIOPHYS,collapsed_cross_listing,APPPHYS 294
207942,ME 257,ME,collapsed_cross_listing,ME 357
207962,CHINA 365,CHINA,collapsed_cross_listing,CHINA 165
207970,PHIL 280,PHIL,collapsed_cross_listing,PHIL 180
207979,SYMSYS 195L,SYMSYS,collapsed_cross_listing,LINGUIST 245B
207995,HUMBIO 140,HUMBIO,collapsed_cross_listing,CHPR 243
207995,FEMGEN 241,FEMGEN,collapsed_cross_listing,CHPR 243
208009,TAPS 314,TAPS,collapsed_cross_listing,FEMGEN 314
208104,SOC 361W,SOC,collapsed_cross_listing,EDUC 361
208141,EDUC 337,EDUC,collapsed_cross_listing,AFRICAAM 106
208141,EDUC 103B,EDUC,collapsed_cross_listing,AFRICAAM 106
208141,CSRE 103B,CSRE,collapsed_cross_listing,AFRICAAM 106
208191,JEWISHST 5,JEWISHST,collapsed_cross_listing,CLASSICS 6G
208191,RELIGST 171A,RELIGST,collapsed_cross_listing,CLASSICS 6G
208204,EDUC 126A,EDUC,collapsed_cross_listing,CSRE 126C
208204,URBANST 126A,URBANST,collapsed_cross_listing,CSRE 126C
208204,ETHICSOC 79,ETHICSOC,collapsed_cross_listing,CSRE 126C
208250,INTNLREL 246A,INTNLREL,collapsed_cross_listing,INTNLREL 146A
208266,EMED 212,EMED,collapsed_cross_listing,EMED 112
208316,EPS 189,EPS,collapsed_cross_listing,EPS 289
208316,GEOPHYS 108,GEOPHYS,collapsed_cross_listing,EPS 289
208316,GEOPHYS 214,GEOPHYS,collapsed_cross_listing,EPS 289
208356,EPS 4,EPS,collapsed_cross_listing,EARTHSYS 4
208359,EPS 207,EPS,collapsed_cross_listing,EPS 107
208359,GEOPHYS 184,GEOPHYS,collapsed_cross_listing,EPS 107
208359,GEOPHYS 274,GEOPHYS,collapsed_cross_listing,EPS 107
208364,BIO 278,BIO,collapsed_cross_listing,BIO 178
208367,SLAVIC 395,SLAVIC,collapsed_cross_listing,SLAVIC 195
208387,PEDS 222,PEDS,collapsed_cross_listing,HUMBIO 122
208401,MUSIC 256A,MUSIC,collapsed_cross_listing,CS 476A
208416,MUSIC 128,MUSIC,collapsed_cross_listing,CS 170
208423,CME 262,CME,collapsed_cross_listing,CEE 260G
208423,GEOPHYS 260G,GEOPHYS,collapsed_cross_listing,CEE 260G
208457,POLISCI 331,POLISCI,collapsed_cross_listing,CLASSICS 382
208457,POLISCI 231,POLISCI,collapsed_cross_listing,CLASSICS 382
208488,OCEANS 285H,OCEANS,collapsed_cross_listing,OCEANS 185H
208511,LINGUIST 180,LINGUIST,collapsed_cross_listing,CS 124
208511,LINGUIST 280,LINGUIST,collapsed_cross_listing,CS 124
208561,HISTORY 201B,HISTORY,collapsed_cross_listing,HISTORY 401A
208563,ARTHIST 232,ARTHIST,collapsed_cross_listing,ARTHIST 432D
208563,HISTORY 232D,HISTORY,collapsed_cross_listing,ARTHIST 432D
208563,HISTORY 332D,HISTORY,collapsed_cross_listing,ARTHIST 432D
208563,HISTORY 432D,HISTORY,collapsed_cross_listing,ARTHIST 432D
208563,ITALIAN 232D,ITALIAN,collapsed_cross_listing,ARTHIST 432D
208563,ITALIAN 332D,ITALIAN,collapsed_cross_listing,ARTHIST 432D
208570,EASTASN 217,EASTASN,collapsed_cross_listing,EASTASN 117
208575,FRENCH 319,FRENCH,collapsed_cross_listing,FRENCH 219
208600,HISTORY 395F,HISTORY,collapsed_cross_listing,HISTORY 295F
208602,HISTORY 292F,HISTORY,collapsed_cross_listing,HISTORY 392F
208617,CHINA 212,CHINA,collapsed_cross_listing,CHINA 112
208617,INTNLREL 112,INTNLREL,collapsed_cross_listing,CHINA 112
208628,POLISCI 338E,POLISCI,collapsed_cross_listing,FRENCH 265
208657,PHIL 211,PHIL,collapsed_cross_listing,PHIL 111
208664,PSYCH 238,PSYCH,collapsed_cross_listing,PSYCH 138
208664,PUBLPOL 238,PUBLPOL,collapsed_cross_listing,PSYCH 138
208684,PHIL 175,PHIL,collapsed_cross_listing,ETHICSOC 175B
208684,PHIL 275,PHIL,collapsed_cross_listing,ETHICSOC 175B
208708,ILAC 141,ILAC,collapsed_cross_listing,COMPLIT 141F
208718,HISTORY 54N,HISTORY,collapsed_cross_listing,AFRICAAM 54N
208718,AMSTUD 54N,AMSTUD,collapsed_cross_listing,AFRICAAM 54N
208718,FEMGEN 54N,FEMGEN,collapsed_cross_listing,AFRICAAM 54N
208718,CSRE 54N,CSRE,collapsed_cross_listing,AFRICAAM 54N
208730,HISTORY 255D,HISTORY,collapsed_cross_listing,AFRICAAM 255
208730,HISTORY 355D,HISTORY,collapsed_cross_listing,AFRICAAM 255
208730,AMSTUD 255D,AMSTUD,collapsed_cross_listing,AFRICAAM 255
208730,CSRE 255D,CSRE,collapsed_cross_listing,AFRICAAM 255
208730,FEMGEN 255M,FEMGEN,collapsed_cross_listing,AFRICAAM 255
208764,EE 214A,EE,collapsed_cross_listing,EE 114
208811,CLASSICS 11N,CLASSICS,collapsed_cross_listing,ARCHLGY 11N
208811,ARTHIST 11N,ARTHIST,collapsed_cross_listing,ARCHLGY 11N
208820,ARTHIST 209C,ARTHIST,collapsed_cross_listing,ARTHIST 409
208820,REES 409,REES,collapsed_cross_listing,ARTHIST 409
208820,CLASSICS 158,CLASSICS,collapsed_cross_listing,ARTHIST 409
208820,CLASSICS 258,CLASSICS,collapsed_cross_listing,ARTHIST 409
208833,HISTORY 393A,HISTORY,collapsed_cross_listing,CHINA 393A
209036,ME 470,ME,collapsed_cross_listing,CEE 362A
209047,ENERGY 253,ENERGY,collapsed_cross_listing,ENERGY 153
209134,PHIL 72,PHIL,collapsed_cross_listing,ETHICSOC 185M
209134,POLISCI 134P,POLISCI,collapsed_cross_listing,ETHICSOC 185M
209165,OCEANS 262F,OCEANS,collapsed_cross_listing,CEE 262F
209165,OCEANS 162F,OCEANS,collapsed_cross_listing,CEE 262F
209219,HRP 392,HRP,collapsed_cross_listing,BMDS 236
209321,MUSIC 117J,MUSIC,collapsed_cross_listing,AFRICAAM 19
209321,MUSIC 247J,MUSIC,collapsed_cross_listing,AFRICAAM 19
209321,AMSTUD 117J,AMSTUD,collapsed_cross_listing,AFRICAAM 19
209321,CSRE 147J,CSRE,collapsed_cross_listing,AFRICAAM 19
209347,HUMBIO 166,HUMBIO,collapsed_cross_listing,CHPR 166
209365,ESS 282,ESS,collapsed_cross_listing,EARTHSYS 182
209403,ESS 363F,ESS,collapsed_cross_listing,CEE 363F
209404,FILMPROD 305,FILMPROD,collapsed_cross_listing,FILMPROD 105
209444,BIOE 201C,BIOE,collapsed_cross_listing,BIOE 301C
209505,EPS 1,EPS,collapsed_cross_listing,EARTHSYS 11
209531,MUSIC 155,MUSIC,collapsed_cross_listing,ARTSTUDI 239
209531,MUSIC 255,MUSIC,collapsed_cross_listing,ARTSTUDI 239
209543,ORTHO 102,ORTHO,collapsed_cross_listing,ORTHO 202
209624,EPS 405,EPS,collapsed_cross_listing,EPS 105
209828,HISTORY 147,HISTORY,collapsed_cross_listing,AFRICAAM 147
209828,CSRE 174,CSRE,collapsed_cross_listing,AFRICAAM 147
209829,HISTORY 47,HISTORY,collapsed_cross_listing,AFRICAAM 47
209829,CSRE 74,CSRE,collapsed_cross_listing,AFRICAAM 47
209844,NATIVEAM 40,NATIVEAM,collapsed_cross_listing,HISTORY 40
209845,HISTORY 395J,HISTORY,collapsed_cross_listing,CHINA 395
209845,FEMGEN 395J,FEMGEN,collapsed_cross_listing,CHINA 395
209845,HISTORY 295G,HISTORY,collapsed_cross_listing,CHINA 395
209864,HISTORY 93,HISTORY,collapsed_cross_listing,CHINA 93
209864,FEMGEN 93,FEMGEN,collapsed_cross_listing,CHINA 93
209883,HISTORY 182C,HISTORY,collapsed_cross_listing,GLOBAL 182C
209887,HISTORY 54,HISTORY,collapsed_cross_listing,AMSTUD 54
209906,NATIVEAM 50A,NATIVEAM,collapsed_cross_listing,HISTORY 50A
209907,HISTORY 50B,HISTORY,collapsed_cross_listing,AFRICAAM 50B
209907,CSRE 50S,CSRE,collapsed_cross_listing,AFRICAAM 50B
209908,HISTORY 50C,HISTORY,collapsed_cross_listing,AFRICAAM 50C
210079,ANTHRO 248,ANTHRO,collapsed_cross_listing,ANTHRO 148
210079,CHINA 155A,CHINA,collapsed_cross_listing,ANTHRO 148
210079,CHINA 255A,CHINA,collapsed_cross_listing,ANTHRO 148
210116,FILMEDIA 306,FILMEDIA,collapsed_cross_listing,FILMEDIA 6
210192,CEE 241A,CEE,collapsed_cross_listing,CEE 141A
210194,CEE 241B,CEE,collapsed_cross_listing,CEE 141B
210213,MS&E 324,MS&E,collapsed_cross_listing,CME 308
210213,MATH 228,MATH,collapsed_cross_listing,CME 308
210214,ENERGY 260,ENERGY,collapsed_cross_listing,ENERGY 160
210242,ILAC 340E,ILAC,collapsed_cross_listing,ILAC 240E
210275,PHIL 284P,PHIL,collapsed_cross_listing,PHIL 184P
210305,EDUC 120,EDUC,collapsed_cross_listing,EDUC 320
210305,SOC 330,SOC,collapsed_cross_listing,EDUC 320
210305,STS 200Q,STS,collapsed_cross_listing,EDUC 320
210307,POLISCI 271,POLISCI,collapsed_cross_listing,EDUC 271
210307,PUBLPOL 271,PUBLPOL,collapsed_cross_listing,EDUC 271
210310,SOC 258C,SOC,collapsed_cross_listing,EDUC 430C
210338,MS&E 390,MS&E,collapsed_cross_listing,HRP 390
210363,MS&E 215,MS&E,collapsed_cross_listing,CS 264
210368,IMMUNOL 275,IMMUNOL,collapsed_cross_listing,CBIO 275
210405,EARTHSYS 212,EARTHSYS,collapsed_cross_listing,EARTHSYS 112
210405,HISTORY 103D,HISTORY,collapsed_cross_listing,EARTHSYS 112
210405,ESS 112,ESS,collapsed_cross_listing,EARTHSYS 112
210448,CEE 161I,CEE,collapsed_cross_listing,CEE 261I
210448,ESS 246A,ESS,collapsed_cross_listing,CEE 261I
210448,EARTHSYS 146A,EARTHSYS,collapsed_cross_listing,CEE 261I
210448,EARTHSYS 246A,EARTHSYS,collapsed_cross_listing,CEE 261I
210459,CEE 262I,CEE,collapsed_cross_listing,CEE 162I
210459,ESS 246B,ESS,collapsed_cross_listing,CEE 162I
210459,EARTHSYS 146B,EARTHSYS,collapsed_cross_listing,CEE 162I
210459,OCEANS 246B,OCEANS,collapsed_cross_listing,CEE 162I
210523,ENERGY 191,ENERGY,collapsed_cross_listing,ENERGY 291
210524,POLISCI 222F,POLISCI,collapsed_cross_listing,POLISCI 422F
210623,ME 242B,ME,collapsed_cross_listing,AA 242B
210637,DANCE 30,DANCE,collapsed_cross_listing,AFRICAAM 37
210735,CEE 241C,CEE,collapsed_cross_listing,CEE 141C
210743,CEE 233F,CEE,collapsed_cross_listing,CEE 133F
210748,EDUC 389A,EDUC,collapsed_cross_listing,ANTHRO 320A
210748,LINGUIST 253,LINGUIST,collapsed_cross_listing,ANTHRO 320A
210748,CSRE 389A,CSRE,collapsed_cross_listing,ANTHRO 320A
210748,SYMSYS 389A,SYMSYS,collapsed_cross_listing,ANTHRO 320A
210751,PSYCH 265,PSYCH,collapsed_cross_listing,EDUC 371
210759,CSRE 149,CSRE,collapsed_cross_listing,COMPLIT 149
210759,ILAC 149,ILAC,collapsed_cross_listing,COMPLIT 149
210796,GEOPHYS 220,GEOPHYS,collapsed_cross_listing,GEOPHYS 120
210817,ENGLISH 161,ENGLISH,collapsed_cross_listing,COMPLIT 161E
210843,INTLPOL 280,INTLPOL,collapsed_cross_listing,ETHICSOC 280
210843,INTNLREL 180A,INTNLREL,collapsed_cross_listing,ETHICSOC 280
210843,HUMRTS 103,HUMRTS,collapsed_cross_listing,ETHICSOC 280
210886,MATSCI 225,MATSCI,collapsed_cross_listing,EE 225
210886,SBIO 225,SBIO,collapsed_cross_listing,EE 225
210896,ARTHIST 408,ARTHIST,collapsed_cross_listing,ARTHIST 208
210896,CLASSICS 173,CLASSICS,collapsed_cross_listing,ARTHIST 208
210896,CLASSICS 273,CLASSICS,collapsed_cross_listing,ARTHIST 208
210897,TAPS 155,TAPS,collapsed_cross_listing,ARTSTUDI 155
210918,COMM 137W,COMM,collapsed_cross_listing,AMSTUD 137
210918,COMM 237,COMM,collapsed_cross_listing,AMSTUD 137
210918,POLISCI 232T,POLISCI,collapsed_cross_listing,AMSTUD 137
210918,POLISCI 332T,POLISCI,collapsed_cross_listing,AMSTUD 137
210919,FILMEDIA 367,FILMEDIA,collapsed_cross_listing,FILMEDIA 167
210933,ARCHLGY 211,ARCHLGY,collapsed_cross_listing,ARCHLGY 111
210933,CHINA 176,CHINA,collapsed_cross_listing,ARCHLGY 111
210933,CHINA 276,CHINA,collapsed_cross_listing,ARCHLGY 111
210946,HISTORY 307C,HISTORY,collapsed_cross_listing,HISTORY 207C
210958,HISTORY 331G,HISTORY,collapsed_cross_listing,HISTORY 231G
210958,RELIGST 231,RELIGST,collapsed_cross_listing,HISTORY 231G
210958,RELIGST 331,RELIGST,collapsed_cross_listing,HISTORY 231G
210963,ILAC 371,ILAC,collapsed_cross_listing,HISTORY 371
210964,HISTORY 11N,HISTORY,collapsed_cross_listing,CLASSICS 26N
210965,BIO 210,BIO,collapsed_cross_listing,BIO 110
210995,MATSCI 50E,MATSCI,collapsed_cross_listing,ENGR 50E
211031,COMM 276,COMM,collapsed_cross_listing,COMM 176
211032,PSYCH 28N,PSYCH,collapsed_cross_listing,CSRE 28N
211036,POLISCI 430A,POLISCI,collapsed_cross_listing,CLASSICS 384A
211065,FEMGEN 101,FEMGEN,collapsed_cross_listing,AMSTUD 107
211065,CSRE 108,CSRE,collapsed_cross_listing,AMSTUD 107
211065,HISTORY 108A,HISTORY,collapsed_cross_listing,AMSTUD 107
211075,ENGLISH 398L,ENGLISH,collapsed_cross_listing,COMPLIT 398L
211107,CHINA 379,CHINA,collapsed_cross_listing,CHINA 279
211141,ANTHRO 216,ANTHRO,collapsed_cross_listing,ANTHRO 116
211221,POLISCI 320R,POLISCI,collapsed_cross_listing,POLISCI 220R
211274,ENERGY 272R,ENERGY,collapsed_cross_listing,CEE 272R
211275,CEE 255,CEE,collapsed_cross_listing,CEE 155
211331,HISTORY 234,HISTORY,collapsed_cross_listing,DLCL 324
211331,HISTORY 334,HISTORY,collapsed_cross_listing,DLCL 324
211331,HISTORY 432A,HISTORY,collapsed_cross_listing,DLCL 324
211342,URBANST 164,URBANST,collapsed_cross_listing,EARTHSYS 160
211348,HISTORY 384,HISTORY,collapsed_cross_listing,HISTORY 284
211383,PHIL 2,PHIL,collapsed_cross_listing,ETHICSOC 20
211392,PHIL 270B,PHIL,collapsed_cross_listing,PHIL 170B
211419,REES 200,REES,collapsed_cross_listing,REES 100
211439,ETHICSOC 178M,ETHICSOC,collapsed_cross_listing,EARTHSYS 178M
211439,PHIL 178M,PHIL,collapsed_cross_listing,EARTHSYS 178M
211439,ETHICSOC 278M,ETHICSOC,collapsed_cross_listing,EARTHSYS 178M
211439,PHIL 278M,PHIL,collapsed_cross_listing,EARTHSYS 178M
211439,POLISCI 134L,POLISCI,collapsed_cross_listing,EARTHSYS 178M
211441,EDUC 100B,EDUC,collapsed_cross_listing,CSRE 99B
211442,EDUC 100C,EDUC,collapsed_cross_listing,CSRE 99C
211453,COMPLIT 51Q,COMPLIT,collapsed_cross_listing,AMSTUD 51Q
211453,CSRE 51Q,CSRE,collapsed_cross_listing,AMSTUD 51Q
211503,ORTHO 260,ORTHO,collapsed_cross_listing,BIOE 260
211524,BIOE 210,BIOE,collapsed_cross_listing,BIOE 101
211590,COMM 277I,COMM,collapsed_cross_listing,COMM 177I
211675,ORTHO 110,ORTHO,collapsed_cross_listing,ORTHO 210
211695,ARCHLGY 225,ARCHLGY,collapsed_cross_listing,ARCHLGY 125
211695,ASNAMST 125A,ASNAMST,collapsed_cross_listing,ARCHLGY 125
211706,PEDS 212,PEDS,collapsed_cross_listing,HUMBIO 122M
211725,ENERGY 277A,ENERGY,collapsed_cross_listing,ENERGY 177A
211782,RAD 260,RAD,collapsed_cross_listing,BMDS 260
211782,CS 235,CS,collapsed_cross_listing,BMDS 260
211782,BMP 260,BMP,collapsed_cross_listing,BMDS 260
211890,HUMBIO 19SC,HUMBIO,collapsed_cross_listing,ANTHRO 12SC
211946,MUSIC 116J,MUSIC,collapsed_cross_listing,AMSTUD 116J
211946,MUSIC 216J,MUSIC,collapsed_cross_listing,AMSTUD 116J
211946,CSRE 146J,CSRE,collapsed_cross_listing,AMSTUD 116J
211946,ANTHRO 146J,ANTHRO,collapsed_cross_listing,AMSTUD 116J
212032,POLISCI 131L,POLISCI,collapsed_cross_listing,ETHICSOC 131S
212057,JEWISHST 85B,JEWISHST,collapsed_cross_listing,HISTORY 85B
212057,REES 85B,REES,collapsed_cross_listing,HISTORY 85B
212062,CHINA 215,CHINA,collapsed_cross_listing,CHINA 115
212062,FEMGEN 150,FEMGEN,collapsed_cross_listing,CHINA 115
212062,FEMGEN 250,FEMGEN,collapsed_cross_listing,CHINA 115
212065,COMPLIT 238,COMPLIT,collapsed_cross_listing,COMPLIT 138
212065,ENGLISH 218,ENGLISH,collapsed_cross_listing,COMPLIT 138
212065,ENGLISH 118,ENGLISH,collapsed_cross_listing,COMPLIT 138
212065,FRENCH 118,FRENCH,collapsed_cross_listing,COMPLIT 138
212065,FRENCH 218,FRENCH,collapsed_cross_listing,COMPLIT 138
212065,PSYCH 118F,PSYCH,collapsed_cross_listing,COMPLIT 138
212065,PSYC 126,PSYC,collapsed_cross_listing,COMPLIT 138
212066,ME 339,ME,collapsed_cross_listing,CME 213
212071,ARCHLGY 235,ARCHLGY,collapsed_cross_listing,ARCHLGY 135
212071,CHINA 175,CHINA,collapsed_cross_listing,ARCHLGY 135
212071,CHINA 275,CHINA,collapsed_cross_listing,ARCHLGY 135
212099,ETHICSOC 131X,ETHICSOC,collapsed_cross_listing,BIOE 131
212110,MS&E 249,MS&E,collapsed_cross_listing,MS&E 146
212170,HISTORY 302G,HISTORY,collapsed_cross_listing,HISTORY 202G
212215,SYMSYS 195E,SYMSYS,collapsed_cross_listing,PSYCH 251
212284,PSYCH 142A,PSYCH,collapsed_cross_listing,HUMBIO 142M
212299,CSRE 27N,CSRE,collapsed_cross_listing,ANTHRO 27N
212346,JEWISHST 348,JEWISHST,collapsed_cross_listing,JEWISHST 148
212346,SLAVIC 398,SLAVIC,collapsed_cross_listing,JEWISHST 148
212346,SLAVIC 198,SLAVIC,collapsed_cross_listing,JEWISHST 148
212346,REES 248,REES,collapsed_cross_listing,JEWISHST 148
212350,BIO 282,BIO,collapsed_cross_listing,BIO 182
212358,CSRE 30Q,CSRE,collapsed_cross_listing,ANTHRO 31Q
212403,LINGUIST 257,LINGUIST,collapsed_cross_listing,LINGUIST 157
212448,PSYCH 242,PSYCH,collapsed_cross_listing,APPPHYS 293
212464,ILAC 242,ILAC,collapsed_cross_listing,COMPLIT 242
212500,CSRE 144,CSRE,collapsed_cross_listing,ASNAMST 144
212500,FEMGEN 144X,FEMGEN,collapsed_cross_listing,ASNAMST 144
212507,OCEANS 12N,OCEANS,collapsed_cross_listing,BIO 12N
212518,ARTSTUDI 247A,ARTSTUDI,collapsed_cross_listing,ARTSTUDI 147
212540,OCEANS 262G,OCEANS,collapsed_cross_listing,CEE 262G
212608,PSYCH 250,PSYCH,collapsed_cross_listing,CS 431
212608,PSYCH 151,PSYCH,collapsed_cross_listing,CS 431
212626,ME 283,ME,collapsed_cross_listing,BIOE 282
212663,COMM 164,COMM,collapsed_cross_listing,AMSTUD 124L
212663,COMM 264,COMM,collapsed_cross_listing,AMSTUD 124L
212663,POLISCI 124L,POLISCI,collapsed_cross_listing,AMSTUD 124L
212663,PSYCH 170,PSYCH,collapsed_cross_listing,AMSTUD 124L
212663,POLISCI 324L,POLISCI,collapsed_cross_listing,AMSTUD 124L
212663,PUBLPOL 164,PUBLPOL,collapsed_cross_listing,AMSTUD 124L
212666,ETHICSOC 232T,ETHICSOC,collapsed_cross_listing,EBS 222
212666,POLISCI 236,POLISCI,collapsed_cross_listing,EBS 222
212666,POLISCI 236S,POLISCI,collapsed_cross_listing,EBS 222
212696,SOC 147,SOC,collapsed_cross_listing,CSRE 147A
212696,SOC 247,SOC,collapsed_cross_listing,CSRE 147A
212697,SOC 252,SOC,collapsed_cross_listing,SOC 152
212708,ESS 208,ESS,collapsed_cross_listing,EPS 208
212730,GENE 224,GENE,collapsed_cross_listing,BMDS 224
212757,PHIL 281B,PHIL,collapsed_cross_listing,PHIL 181B
212766,HISTORY 324C,HISTORY,collapsed_cross_listing,HISTORY 224C
212766,PEDS 224,PEDS,collapsed_cross_listing,HISTORY 224C
212766,JEWISHST 284C,JEWISHST,collapsed_cross_listing,HISTORY 224C
212766,JEWISHST 384C,JEWISHST,collapsed_cross_listing,HISTORY 224C
212768,ORTHO 120,ORTHO,collapsed_cross_listing,ORTHO 220
212809,ANTHRO 101S,ANTHRO,collapsed_cross_listing,ANTHRO 1S
212809,ANTHRO 201S,ANTHRO,collapsed_cross_listing,ANTHRO 1S
212813,MS&E 489,MS&E,collapsed_cross_listing,DESIGN 368
212837,INTNLREL 142,INTNLREL,collapsed_cross_listing,CSRE 142C
212837,URBANST 135,URBANST,collapsed_cross_listing,CSRE 142C
212837,EARTHSYS 135,EARTHSYS,collapsed_cross_listing,CSRE 142C
212919,EDUC 293,EDUC,collapsed_cross_listing,AMSTUD 293
212919,JEWISHST 293X,JEWISHST,collapsed_cross_listing,AMSTUD 293
212919,RELIGST 234X,RELIGST,collapsed_cross_listing,AMSTUD 293
212919,JEWISHST 193,JEWISHST,collapsed_cross_listing,AMSTUD 293
212919,EDUC 163,EDUC,collapsed_cross_listing,AMSTUD 293
212920,JEWISHST 393X,JEWISHST,collapsed_cross_listing,EDUC 313
212920,RELIGST 313X,RELIGST,collapsed_cross_listing,EDUC 313
212920,JEWISHST 213,JEWISHST,collapsed_cross_listing,EDUC 313
212934,RAD 223,RAD,collapsed_cross_listing,BIOE 223
212937,COMM 135W,COMM,collapsed_cross_listing,AMSTUD 135
212937,COMM 235,COMM,collapsed_cross_listing,AMSTUD 135
212937,COMM 335,COMM,collapsed_cross_listing,AMSTUD 135
212937,POLISCI 234P,POLISCI,collapsed_cross_listing,AMSTUD 135
212937,POLISCI 334P,POLISCI,collapsed_cross_listing,AMSTUD 135
212937,ETHICSOC 135F,ETHICSOC,collapsed_cross_listing,AMSTUD 135
212940,MATSCI 175,MATSCI,collapsed_cross_listing,MATSCI 165
212952,OCEANS 249,OCEANS,collapsed_cross_listing,ESS 249
213044,TAPS 273,TAPS,collapsed_cross_listing,TAPS 173
213070,HISTORY 301A,HISTORY,collapsed_cross_listing,HISTORY 201A
213072,HISTORY 308D,HISTORY,collapsed_cross_listing,HISTORY 208D
213073,HISTORY 391G,HISTORY,collapsed_cross_listing,HISTORY 291G
213074,HISTORY 390E,HISTORY,collapsed_cross_listing,HISTORY 290E
213099,CLASSICS 18N,CLASSICS,collapsed_cross_listing,ARTHIST 100N
213101,POLISCI 121L,POLISCI,collapsed_cross_listing,CSRE 121L
213101,PUBLPOL 121L,PUBLPOL,collapsed_cross_listing,CSRE 121L
213133,ENERGY 432,ENERGY,collapsed_cross_listing,CHEMENG 432
213133,ENERGY 142,ENERGY,collapsed_cross_listing,CHEMENG 432
213139,CHEMENG 170X,CHEMENG,collapsed_cross_listing,CHEMENG 470
213145,SOC 364A,SOC,collapsed_cross_listing,POLISCI 423A
213146,SOC 364B,SOC,collapsed_cross_listing,POLISCI 423B
213147,HISTORY 105C,HISTORY,collapsed_cross_listing,CSRE 105C
213147,FEMGEN 105C,FEMGEN,collapsed_cross_listing,CSRE 105C
213147,INTNLREL 105C,INTNLREL,collapsed_cross_listing,CSRE 105C
213147,HUMRTS 112,HUMRTS,collapsed_cross_listing,CSRE 105C
213152,HISTORY 5C,HISTORY,collapsed_cross_listing,CSRE 5C
213152,FEMGEN 5C,FEMGEN,collapsed_cross_listing,CSRE 5C
213152,INTNLREL 5C,INTNLREL,collapsed_cross_listing,CSRE 5C
213171,PUBLPOL 55N,PUBLPOL,collapsed_cross_listing,ECON 25N
213247,COMPLIT 12Q,COMPLIT,collapsed_cross_listing,ARTSINST 11Q
213259,BIO 126,BIO,collapsed_cross_listing,APPPHYS 205
213259,BIO 226,BIO,collapsed_cross_listing,APPPHYS 205
213285,CHINA 374,CHINA,collapsed_cross_listing,CHINA 174
213301,KOREA 120,KOREA,collapsed_cross_listing,COMPLIT 222
213301,KOREA 220,KOREA,collapsed_cross_listing,COMPLIT 222
213315,HISTORY 3F,HISTORY,collapsed_cross_listing,HISTORY 103F
213352,ILAC 140,ILAC,collapsed_cross_listing,CHILATST 140
213396,INTNLREL 168W,INTNLREL,collapsed_cross_listing,HISTORY 152K
213396,INTNLREL 168,INTNLREL,collapsed_cross_listing,HISTORY 152K
213405,EDUC 231,EDUC,collapsed_cross_listing,AMSTUD 231X
213405,JEWISHST 291X,JEWISHST,collapsed_cross_listing,AMSTUD 231X
213405,RELIGST 231X,RELIGST,collapsed_cross_listing,AMSTUD 231X
213405,EDUC 130,EDUC,collapsed_cross_listing,AMSTUD 231X
213414,HISTORY 116N,HISTORY,collapsed_cross_listing,EDUC 116N
213437,ANTHRO 232,ANTHRO,collapsed_cross_listing,ANTHRO 132
213463,PHIL 193C,PHIL,collapsed_cross_listing,COMPLIT 154A
213463,FRENCH 154,FRENCH,collapsed_cross_listing,COMPLIT 154A
213463,ITALIAN 154,ITALIAN,collapsed_cross_listing,COMPLIT 154A
213463,ENGLISH 154F,ENGLISH,collapsed_cross_listing,COMPLIT 154A
213467,INTNLREL 154,INTNLREL,collapsed_cross_listing,HISTORY 166C
213506,RELIGST 352,RELIGST,collapsed_cross_listing,RELIGST 252
213523,URBANST 150,URBANST,collapsed_cross_listing,AMSTUD 150X
213523,HISTORY 252E,HISTORY,collapsed_cross_listing,AMSTUD 150X
213572,GERMAN 222,GERMAN,collapsed_cross_listing,COMPLIT 222A
213572,GERMAN 322,GERMAN,collapsed_cross_listing,COMPLIT 222A
213572,JEWISHST 242G,JEWISHST,collapsed_cross_listing,COMPLIT 222A
213572,JEWISHST 342,JEWISHST,collapsed_cross_listing,COMPLIT 222A
213613,HISTORY 326E,HISTORY,collapsed_cross_listing,HISTORY 226E
213613,PEDS 226,PEDS,collapsed_cross_listing,HISTORY 226E
213634,FRENCH 251,FRENCH,collapsed_cross_listing,ITALIAN 251
213634,ITALIAN 351,ITALIAN,collapsed_cross_listing,ITALIAN 251
213634,FRENCH 351,FRENCH,collapsed_cross_listing,ITALIAN 251
213650,POLISCI 347G,POLISCI,collapsed_cross_listing,POLISCI 247G
213658,EARTHSYS 152,EARTHSYS,collapsed_cross_listing,EARTHSYS 252
213658,ESS 152,ESS,collapsed_cross_listing,EARTHSYS 252
213658,ESS 252,ESS,collapsed_cross_listing,EARTHSYS 252
213658,OCEANS 252,OCEANS,collapsed_cross_listing,EARTHSYS 252
213658,OCEANS 152,OCEANS,collapsed_cross_listing,EARTHSYS 252
213659,EARTHSYS 151,EARTHSYS,collapsed_cross_listing,EARTHSYS 251
213659,ESS 151,ESS,collapsed_cross_listing,EARTHSYS 251
213659,ESS 251,ESS,collapsed_cross_listing,EARTHSYS 251
213663,RAD 225,RAD,collapsed_cross_listing,BIOE 225
213663,BMP 225,BMP,collapsed_cross_listing,BIOE 225
213670,MED 273,MED,collapsed_cross_listing,BIOE 273
213737,ARCHLGY 224,ARCHLGY,collapsed_cross_listing,ARCHLGY 124
213759,PHYSICS 252,PHYSICS,collapsed_cross_listing,PHYSICS 152
213771,SLAVIC 388,SLAVIC,collapsed_cross_listing,SLAVIC 188
213772,SLAVIC 145,SLAVIC,collapsed_cross_listing,REES 345C
213772,SLAVIC 345E,SLAVIC,collapsed_cross_listing,REES 345C
213773,SLAVIC 148,SLAVIC,collapsed_cross_listing,REES 348
213773,SLAVIC 348,SLAVIC,collapsed_cross_listing,REES 348
213802,FRENCH 133,FRENCH,collapsed_cross_listing,AFRICAAM 133
213802,JEWISHST 143,JEWISHST,collapsed_cross_listing,AFRICAAM 133
213802,COMPLIT 133,COMPLIT,collapsed_cross_listing,AFRICAAM 133
213802,COMPLIT 233A,COMPLIT,collapsed_cross_listing,AFRICAAM 133
213802,CSRE 133E,CSRE,collapsed_cross_listing,AFRICAAM 133
213842,PHIL 267D,PHIL,collapsed_cross_listing,PHIL 167D
213842,SYMSYS 167D,SYMSYS,collapsed_cross_listing,PHIL 167D
213844,RELIGST 246,RELIGST,collapsed_cross_listing,AMSTUD 246
213844,RELIGST 346,RELIGST,collapsed_cross_listing,AMSTUD 246
213844,HISTORY 256G,HISTORY,collapsed_cross_listing,AMSTUD 246
213844,HISTORY 356G,HISTORY,collapsed_cross_listing,AMSTUD 246
213844,CSRE 246,CSRE,collapsed_cross_listing,AMSTUD 246
213854,INTNLREL 173,INTNLREL,collapsed_cross_listing,HISTORY 261G
213910,GENE 200,GENE,collapsed_cross_listing,DBIO 200
214036,ITALIAN 232B,ITALIAN,collapsed_cross_listing,HISTORY 232B
214095,CEE 177L,CEE,collapsed_cross_listing,CEE 277L
214116,RAD 226,RAD,collapsed_cross_listing,BIOE 226
214116,BMP 226,BMP,collapsed_cross_listing,BIOE 226
214117,EDUC 335,EDUC,collapsed_cross_listing,EDUC 135
214126,RELIGST 281,RELIGST,collapsed_cross_listing,AMSTUD 281
214126,RELIGST 381,RELIGST,collapsed_cross_listing,AMSTUD 281
214126,ASNAMST 281,ASNAMST,collapsed_cross_listing,AMSTUD 281
214149,FRENCH 205,FRENCH,collapsed_cross_listing,FEMGEN 205
214149,FRENCH 305,FRENCH,collapsed_cross_listing,FEMGEN 205
214149,ITALIAN 205,ITALIAN,collapsed_cross_listing,FEMGEN 205
214149,ITALIAN 305,ITALIAN,collapsed_cross_listing,FEMGEN 205
214160,FRENCH 328,FRENCH,collapsed_cross_listing,COMPLIT 328
214160,ITALIAN 328,ITALIAN,collapsed_cross_listing,COMPLIT 328
214160,ENGLISH 328,ENGLISH,collapsed_cross_listing,COMPLIT 328
214164,ITALIAN 238A,ITALIAN,collapsed_cross_listing,COMPLIT 238A
214164,ITALIAN 338A,ITALIAN,collapsed_cross_listing,COMPLIT 238A
214167,PUBLPOL 232,PUBLPOL,collapsed_cross_listing,PUBLPOL 132
214168,ENGR 104S,ENGR,collapsed_cross_listing,EDUC 118S
214218,ARTHIST 408B,ARTHIST,collapsed_cross_listing,ARTHIST 208B
214248,URBANST 173,URBANST,collapsed_cross_listing,PUBLPOL 174
214261,ITALIAN 238B,ITALIAN,collapsed_cross_listing,COMPLIT 238B
214261,ITALIAN 338B,ITALIAN,collapsed_cross_listing,COMPLIT 238B
214341,FEMGEN 244F,FEMGEN,collapsed_cross_listing,ENGLISH 244F
214439,FRENCH 338,FRENCH,collapsed_cross_listing,COMPLIT 338
214439,ENGLISH 338,ENGLISH,collapsed_cross_listing,COMPLIT 338
214447,TAPS 184B,TAPS,collapsed_cross_listing,MUSIC 184B
214458,RELIGST 86,RELIGST,collapsed_cross_listing,CLASSICS 43
214458,JEWISHST 86,JEWISHST,collapsed_cross_listing,CLASSICS 43
214458,HISTORY 111B,HISTORY,collapsed_cross_listing,CLASSICS 43
214465,SLAVIC 129,SLAVIC,collapsed_cross_listing,REES 229
214465,SLAVIC 329,SLAVIC,collapsed_cross_listing,REES 229
214488,COMM 251,COMM,collapsed_cross_listing,COMM 151
214488,POLISCI 125P,POLISCI,collapsed_cross_listing,COMM 151
214488,ETHICSOC 151,ETHICSOC,collapsed_cross_listing,COMM 151
214563,CS 265,CS,collapsed_cross_listing,CME 309
214573,CLASSICS 154,CLASSICS,collapsed_cross_listing,ARCHLGY 145
214576,CLASSICS 168,CLASSICS,collapsed_cross_listing,ARCHLGY 118
214579,TAPS 167,TAPS,collapsed_cross_listing,CLASSICS 112
214582,ARTHIST 102B,ARTHIST,collapsed_cross_listing,ARTHIST 302B
214582,HISTORY 202B,HISTORY,collapsed_cross_listing,ARTHIST 302B
214582,HISTORY 302B,HISTORY,collapsed_cross_listing,ARTHIST 302B
214582,HISTORY 402B,HISTORY,collapsed_cross_listing,ARTHIST 302B
214591,SUSTAIN 376,SUSTAIN,collapsed_cross_listing,BIOE 376
214594,HISTORY 303,HISTORY,collapsed_cross_listing,HISTORY 203
214642,JEWISHST 227D,JEWISHST,collapsed_cross_listing,JEWISHST 127D
214642,RELIGST 170D,RELIGST,collapsed_cross_listing,JEWISHST 127D
214686,HRP 249,HRP,collapsed_cross_listing,ECON 249
214686,MED 249,MED,collapsed_cross_listing,ECON 249
214707,PEDS 263,PEDS,collapsed_cross_listing,MS&E 263
214754,PHIL 227,PHIL,collapsed_cross_listing,PHIL 127
214764,PHIL 207B,PHIL,collapsed_cross_listing,PHIL 107B
214765,PHIL 108B,PHIL,collapsed_cross_listing,PHIL 208B
214773,PWR 91JS,PWR,collapsed_cross_listing,EARTHSYS 157
214780,GEP 253,GEP,collapsed_cross_listing,ECON 253
214824,NATIVEAM 115,NATIVEAM,collapsed_cross_listing,AMSTUD 115A
214824,HISTORY 255A,HISTORY,collapsed_cross_listing,AMSTUD 115A
214833,INTNLREL 174,INTNLREL,collapsed_cross_listing,HISTORY 252B
214848,ME 244,ME,collapsed_cross_listing,BIOE 283
214848,BIOPHYS 244,BIOPHYS,collapsed_cross_listing,BIOE 283
214849,SUSTAIN 377,SUSTAIN,collapsed_cross_listing,BIOE 377
214868,CLASSICS 372,CLASSICS,collapsed_cross_listing,ARCHLGY 342
214912,CLASSICS 52,CLASSICS,collapsed_cross_listing,ARCHLGY 52
214924,ARCHLGY 226,ARCHLGY,collapsed_cross_listing,ARCHLGY 126
214924,BIO 286,BIO,collapsed_cross_listing,ARCHLGY 126
214957,ENVRES 250,ENVRES,collapsed_cross_listing,EARTHSYS 254
214979,NATIVEAM 121,NATIVEAM,collapsed_cross_listing,AMSTUD 121D
214979,CSRE 121,CSRE,collapsed_cross_listing,AMSTUD 121D
214994,CEE 279D,CEE,collapsed_cross_listing,CEE 179D
214995,CEE 279E,CEE,collapsed_cross_listing,CEE 179E
215016,POLISCI 124A,POLISCI,collapsed_cross_listing,AMSTUD 124A
215016,ENGLISH 124,ENGLISH,collapsed_cross_listing,AMSTUD 124A
215016,ARTHIST 152,ARTHIST,collapsed_cross_listing,AMSTUD 124A
215016,HISTORY 151,HISTORY,collapsed_cross_listing,AMSTUD 124A
215019,CEE 32D,CEE,collapsed_cross_listing,ARTHIST 232D
215031,CSRE 133A,CSRE,collapsed_cross_listing,ANTHRO 133A
215071,EE 292T,EE,collapsed_cross_listing,CEE 272T
215100,PUBLPOL 234,PUBLPOL,collapsed_cross_listing,PUBLPOL 134
215127,CEE 220A,CEE,collapsed_cross_listing,CEE 120A
215128,CEE 220B,CEE,collapsed_cross_listing,CEE 120B
215173,ITALIAN 398,ITALIAN,collapsed_cross_listing,FRENCH 398
215223,STATS 331,STATS,collapsed_cross_listing,BMDS 252
215241,EE 207,EE,collapsed_cross_listing,BIOE 313
215278,PUBLPOL 122,PUBLPOL,collapsed_cross_listing,BIOE 122
215278,EMED 122,EMED,collapsed_cross_listing,BIOE 122
215278,PUBLPOL 222,PUBLPOL,collapsed_cross_listing,BIOE 122
215278,EMED 222,EMED,collapsed_cross_listing,BIOE 122
215295,CEE 107S,CEE,collapsed_cross_listing,CEE 207S
215336,INTNLREL 182,INTNLREL,collapsed_cross_listing,HISTORY 210G
215352,ENGR 391,ENGR,collapsed_cross_listing,EDUC 391
215361,MED 226,MED,collapsed_cross_listing,EPI 237
215361,INTLPOL 290,INTLPOL,collapsed_cross_listing,EPI 237
215367,HUMBIO 113S,HUMBIO,collapsed_cross_listing,CHPR 113
215388,MUSIC 161E,MUSIC,collapsed_cross_listing,AFRICAAM 161E
215452,JEWISHST 37Q,JEWISHST,collapsed_cross_listing,COMPLIT 37Q
215456,EPS 228,EPS,collapsed_cross_listing,EARTHSYS 128
215456,EPS 128,EPS,collapsed_cross_listing,EARTHSYS 128
215462,EDUC 280,EDUC,collapsed_cross_listing,CTL 280
215462,PHYSICS 295,PHYSICS,collapsed_cross_listing,CTL 280
215462,ENGR 295,ENGR,collapsed_cross_listing,CTL 280
215545,HISTORY 190,HISTORY,collapsed_cross_listing,HISTORY 90
215546,HISTORY 293E,HISTORY,collapsed_cross_listing,FEMGEN 293E
215546,HISTORY 393E,HISTORY,collapsed_cross_listing,FEMGEN 293E
215546,RELIGST 357X,RELIGST,collapsed_cross_listing,FEMGEN 293E
215546,RELIGST 257X,RELIGST,collapsed_cross_listing,FEMGEN 293E
215547,HISTORY 322A,HISTORY,collapsed_cross_listing,HISTORY 222
215573,CEE 220C,CEE,collapsed_cross_listing,CEE 120C
215575,ENGR 65,ENGR,collapsed_cross_listing,EE 65
215584,EARTHSYS 79C,EARTHSYS,collapsed_cross_listing,EARTHSYS 179C
215584,HISTORY 79C,HISTORY,collapsed_cross_listing,EARTHSYS 179C
215584,HISTORY 179C,HISTORY,collapsed_cross_listing,EARTHSYS 179C
215603,HISTORY 340,HISTORY,collapsed_cross_listing,HISTORY 240
215605,HISTORY 1A,HISTORY,collapsed_cross_listing,CLASSICS 76
215615,PEDS 60Q,PEDS,collapsed_cross_listing,INTNLREL 60Q
215664,CLASSICS 56,CLASSICS,collapsed_cross_listing,ARTHIST 1A
215675,TAPS 184C,TAPS,collapsed_cross_listing,MUSIC 184C
215676,GEOPHYS 205,GEOPHYS,collapsed_cross_listing,EPS 306
215676,ESS 204,ESS,collapsed_cross_listing,EPS 306
215679,BIO 239,BIO,collapsed_cross_listing,BIO 115
215702,CLASSICS 81,CLASSICS,collapsed_cross_listing,ARCHLGY 81
215702,HISTORY 117,HISTORY,collapsed_cross_listing,ARCHLGY 81
215726,ENGLISH 152K,ENGLISH,collapsed_cross_listing,AFRICAAM 226
215726,AMSTUD 152K,AMSTUD,collapsed_cross_listing,AFRICAAM 226
215726,CSRE 152K,CSRE,collapsed_cross_listing,AFRICAAM 226
215727,POLISCI 354,POLISCI,collapsed_cross_listing,POLISCI 153
215771,EDUC 203A,EDUC,collapsed_cross_listing,EDUC 103A
215802,EE 253,EE,collapsed_cross_listing,EE 153
215818,CHILATST 177A,CHILATST,collapsed_cross_listing,CSRE 177E
215818,EDUC 177A,EDUC,collapsed_cross_listing,CSRE 177E
215840,CS 238,CS,collapsed_cross_listing,AA 228
215848,ANTHRO 286,ANTHRO,collapsed_cross_listing,ANTHRO 186
215848,HUMBIO 146,HUMBIO,collapsed_cross_listing,ANTHRO 186
215848,PSYC 286,PSYC,collapsed_cross_listing,ANTHRO 186
215848,PSYCH 178,PSYCH,collapsed_cross_listing,ANTHRO 186
215881,POLISCI 444A,POLISCI,collapsed_cross_listing,POLISCI 244A
215905,CHILATST 177B,CHILATST,collapsed_cross_listing,CSRE 177F
215905,EDUC 177B,EDUC,collapsed_cross_listing,CSRE 177F
215914,CLASSICS 367,CLASSICS,collapsed_cross_listing,ARCHLGY 367
215916,MED 124,MED,collapsed_cross_listing,HUMBIO 124C
215942,CS 279,CS,collapsed_cross_listing,BIOE 279
215942,CME 279,CME,collapsed_cross_listing,BIOE 279
215942,BMDS 245,BMDS,collapsed_cross_listing,BIOE 279
215942,BIOPHYS 279,BIOPHYS,collapsed_cross_listing,BIOE 279
215945,STATS 363,STATS,collapsed_cross_listing,STATS 263
215976,HISTORY 115D,HISTORY,collapsed_cross_listing,HISTORY 15D
215976,RELIGST 115X,RELIGST,collapsed_cross_listing,HISTORY 15D
215991,CS 239,CS,collapsed_cross_listing,AA 229
216033,POLISCI 213E,POLISCI,collapsed_cross_listing,INTNLREL 122
216043,SOMGEN 206,SOMGEN,collapsed_cross_listing,FEMGEN 206
216044,FEMGEN 230A,FEMGEN,collapsed_cross_listing,CHPR 230
216045,RAD 229,RAD,collapsed_cross_listing,BMP 229
216048,TAPS 267,TAPS,collapsed_cross_listing,TAPS 167H
216058,ARTHIST 417B,ARTHIST,collapsed_cross_listing,ARTHIST 217B
216073,ARTHIST 388B,ARTHIST,collapsed_cross_listing,ARTHIST 188B
216073,EASTASN 388B,EASTASN,collapsed_cross_listing,ARTHIST 188B
216073,CHINA 188B,CHINA,collapsed_cross_listing,ARTHIST 188B
216073,CHINA 388B,CHINA,collapsed_cross_listing,ARTHIST 188B
216083,HISTORY 155,HISTORY,collapsed_cross_listing,AMSTUD 155
216092,ECON 143,ECON,collapsed_cross_listing,EBS 143
216092,PUBLPOL 143,PUBLPOL,collapsed_cross_listing,EBS 143
216092,POLISCI 127A,POLISCI,collapsed_cross_listing,EBS 143
216092,INTLPOL 227,INTLPOL,collapsed_cross_listing,EBS 143
216095,OCEANS 141H,OCEANS,collapsed_cross_listing,BIO 140
216113,DESIGN 259,DESIGN,collapsed_cross_listing,BIOE 177
216124,CSRE 346B,CSRE,collapsed_cross_listing,CSRE 146B
216124,URBANST 123B,URBANST,collapsed_cross_listing,CSRE 146B
216130,PHIL 74A,PHIL,collapsed_cross_listing,ETHICSOC 174
216130,HUMBIO 174A,HUMBIO,collapsed_cross_listing,ETHICSOC 174
216137,CLASSICS 208L,CLASSICS,collapsed_cross_listing,CLASSICS 6L
216137,RELIGST 173X,RELIGST,collapsed_cross_listing,CLASSICS 6L
216153,PHIL 210C,PHIL,collapsed_cross_listing,PHIL 110C
216199,STATS 311,STATS,collapsed_cross_listing,EE 377
216217,GERMAN 150,GERMAN,collapsed_cross_listing,COMPLIT 114
216217,JEWISHST 145,JEWISHST,collapsed_cross_listing,COMPLIT 114
216221,RAD 221,RAD,collapsed_cross_listing,BIOE 221
216221,BMP 221,BMP,collapsed_cross_listing,BIOE 221
216242,CEE 32G,CEE,collapsed_cross_listing,ARTHIST 142
216261,TAPS 138,TAPS,collapsed_cross_listing,MUSIC 184F
216285,POLISCI 141,POLISCI,collapsed_cross_listing,FEMGEN 141P
216290,DLCL 111Q,DLCL,collapsed_cross_listing,COMPLIT 111Q
216290,ILAC 111Q,ILAC,collapsed_cross_listing,COMPLIT 111Q
216302,TAPS 371P,TAPS,collapsed_cross_listing,TAPS 101P
216364,ESS 307,ESS,collapsed_cross_listing,EPS 307
216366,HISTORY 6W,HISTORY,collapsed_cross_listing,FEMGEN 6W
216366,HUMRTS 6W,HUMRTS,collapsed_cross_listing,FEMGEN 6W
216367,HISTORY 7W,HISTORY,collapsed_cross_listing,FEMGEN 7W
216367,HUMRTS 7W,HUMRTS,collapsed_cross_listing,FEMGEN 7W
216403,POLISCI 327C,POLISCI,collapsed_cross_listing,COMM 361
216411,EE 367,EE,collapsed_cross_listing,CS 448I
216413,FRENCH 368A,FRENCH,collapsed_cross_listing,COMPLIT 368A
216413,ENGLISH 368A,ENGLISH,collapsed_cross_listing,COMPLIT 368A
216450,ARTSTUDI 248P,ARTSTUDI,collapsed_cross_listing,ARTSTUDI 148P
216476,ARCHLGY 111B,ARCHLGY,collapsed_cross_listing,ANTHRO 111C
216476,NATIVEAM 111B,NATIVEAM,collapsed_cross_listing,ANTHRO 111C
216479,MUSIC 6F,MUSIC,collapsed_cross_listing,ARTSINST 6F
216488,PUBLPOL 205,PUBLPOL,collapsed_cross_listing,PUBLPOL 105
216492,CEE 132H,CEE,collapsed_cross_listing,CEE 32H
216530,PSYCH 103,PSYCH,collapsed_cross_listing,CSRE 118
216552,ARCHLGY 134,ARCHLGY,collapsed_cross_listing,ANTHRO 134D
216552,ARCHLGY 234,ARCHLGY,collapsed_cross_listing,ANTHRO 134D
216552,ARTHIST 284B,ARTHIST,collapsed_cross_listing,ANTHRO 134D
216591,COMPLIT 10SC,COMPLIT,collapsed_cross_listing,CHINA 10SC
216607,ANTHRO 41,ANTHRO,collapsed_cross_listing,AFRICAAM 41
216607,CSRE 41A,CSRE,collapsed_cross_listing,AFRICAAM 41
216607,FEMGEN 41,FEMGEN,collapsed_cross_listing,AFRICAAM 41
216653,ESS 107,ESS,collapsed_cross_listing,EARTHSYS 107
216678,SURG 143,SURG,collapsed_cross_listing,ARTSTUDI 243
216698,COMM 277G,COMM,collapsed_cross_listing,COMM 177G
216698,EARTHSYS 292,EARTHSYS,collapsed_cross_listing,COMM 177G
216698,EARTHSYS 192,EARTHSYS,collapsed_cross_listing,COMM 177G
216725,ENGLISH 125C,ENGLISH,collapsed_cross_listing,AMSTUD 125C
216727,ENGLISH 159,ENGLISH,collapsed_cross_listing,AFRICAAM 159
216727,FEMGEN 159,FEMGEN,collapsed_cross_listing,AFRICAAM 159
216727,AMSTUD 159,AMSTUD,collapsed_cross_listing,AFRICAAM 159
216769,DESIGN 297,DESIGN,collapsed_cross_listing,CS 377E
216807,PSYCH 237,PSYCH,collapsed_cross_listing,CHPR 228
216807,MED 281,MED,collapsed_cross_listing,CHPR 228
216827,FEMGEN 243F,FEMGEN,collapsed_cross_listing,FEMGEN 344F
216827,HISTORY 344F,HISTORY,collapsed_cross_listing,FEMGEN 344F
216827,HISTORY 244F,HISTORY,collapsed_cross_listing,FEMGEN 344F
216827,HISTORY 444F,HISTORY,collapsed_cross_listing,FEMGEN 344F
216855,HISTORY 305E,HISTORY,collapsed_cross_listing,HISTORY 205E
216855,ILAC 267E,ILAC,collapsed_cross_listing,HISTORY 205E
216882,HISTORY 252,HISTORY,collapsed_cross_listing,AMSTUD 252
216882,HISTORY 352,HISTORY,collapsed_cross_listing,AMSTUD 252
216884,HISTORY 304D,HISTORY,collapsed_cross_listing,HISTORY 204D
216895,HISTORY 359E,HISTORY,collapsed_cross_listing,HISTORY 259E
216895,INTNLREL 168A,INTNLREL,collapsed_cross_listing,HISTORY 259E
216897,ARTHIST 382B,ARTHIST,collapsed_cross_listing,ARTHIST 182B
216901,HISTORY 390,HISTORY,collapsed_cross_listing,HISTORY 290
216901,KOREA 190X,KOREA,collapsed_cross_listing,HISTORY 290
216901,KOREA 290X,KOREA,collapsed_cross_listing,HISTORY 290
216903,AMSTUD 173,AMSTUD,collapsed_cross_listing,AMSTUD 73
216903,HISTORY 73,HISTORY,collapsed_cross_listing,AMSTUD 73
216903,HISTORY 173,HISTORY,collapsed_cross_listing,AMSTUD 73
216903,CHILATST 173,CHILATST,collapsed_cross_listing,AMSTUD 73
216903,CHILATST 73,CHILATST,collapsed_cross_listing,AMSTUD 73
216915,MED 212,MED,collapsed_cross_listing,CHPR 212
216915,HRP 218,HRP,collapsed_cross_listing,CHPR 212
216952,ENGR 42,ENGR,collapsed_cross_listing,EE 42
216982,ARTHIST 264B,ARTHIST,collapsed_cross_listing,AMSTUD 143X
216982,FILMEDIA 264B,FILMEDIA,collapsed_cross_listing,AMSTUD 143X
217008,HUMBIO 124,HUMBIO,collapsed_cross_listing,CHPR 224
217008,FEMGEN 237,FEMGEN,collapsed_cross_listing,CHPR 224
217009,CS 233,CS,collapsed_cross_listing,CME 251
217012,COMM 238,COMM,collapsed_cross_listing,COMM 138
217026,MATH 158,MATH,collapsed_cross_listing,CME 298
217048,SOMGEN 207,SOMGEN,collapsed_cross_listing,INTLPOL 291
217048,PUBLPOL 291,PUBLPOL,collapsed_cross_listing,INTLPOL 291
217096,PEDS 463,PEDS,collapsed_cross_listing,MS&E 463
217124,MI 221,MI,collapsed_cross_listing,BIOE 221G
217124,GENE 208,GENE,collapsed_cross_listing,BIOE 221G
217131,AMSTUD 363,AMSTUD,collapsed_cross_listing,AMSTUD 163A
217131,ARTHIST 163,ARTHIST,collapsed_cross_listing,AMSTUD 163A
217131,FEMGEN 163,FEMGEN,collapsed_cross_listing,AMSTUD 163A
217131,ARTHIST 363,ARTHIST,collapsed_cross_listing,AMSTUD 163A
217131,FEMGEN 363,FEMGEN,collapsed_cross_listing,AMSTUD 163A
217154,POLISCI 355A,POLISCI,collapsed_cross_listing,POLISCI 150A
217159,POLISCI 355B,POLISCI,collapsed_cross_listing,POLISCI 150B
217168,PHIL 333,PHIL,collapsed_cross_listing,ARTHIST 433A
217168,DLCL 333,DLCL,collapsed_cross_listing,ARTHIST 433A
217168,ENGLISH 333,ENGLISH,collapsed_cross_listing,ARTHIST 433A
217168,MUSIC 332,MUSIC,collapsed_cross_listing,ARTHIST 433A
217170,TAPS 151,TAPS,collapsed_cross_listing,TAPS 315
217226,URBANST 141,URBANST,collapsed_cross_listing,CSRE 141
217240,COMM 224,COMM,collapsed_cross_listing,COMM 124
217245,ENGR 102W,ENGR,collapsed_cross_listing,CEE 102W
217258,EARTHSYS 291,EARTHSYS,collapsed_cross_listing,EARTHSYS 191
217279,EE 285,EE,collapsed_cross_listing,CS 241
217282,FILMPROD 301T,FILMPROD,collapsed_cross_listing,FILMPROD 101T
217293,POLISCI 73,POLISCI,collapsed_cross_listing,CEE 263G
217293,PUBLPOL 73,PUBLPOL,collapsed_cross_listing,CEE 263G
217293,ENERGY 73,ENERGY,collapsed_cross_listing,CEE 263G
217300,CLASSICS 164,CLASSICS,collapsed_cross_listing,ARCHLGY 165
217312,MS&E 212,MS&E,collapsed_cross_listing,MS&E 112
217319,COMPLIT 357A,COMPLIT,collapsed_cross_listing,COMPLIT 257
217319,ITALIAN 257,ITALIAN,collapsed_cross_listing,COMPLIT 257
217319,ITALIAN 357,ITALIAN,collapsed_cross_listing,COMPLIT 257
217319,FRENCH 257,FRENCH,collapsed_cross_listing,COMPLIT 257
217319,FRENCH 357,FRENCH,collapsed_cross_listing,COMPLIT 257
217319,FEMGEN 257X,FEMGEN,collapsed_cross_listing,COMPLIT 257
217319,FEMGEN 357X,FEMGEN,collapsed_cross_listing,COMPLIT 257
217328,POLISCI 355C,POLISCI,collapsed_cross_listing,POLISCI 150C
217335,ILAC 211,ILAC,collapsed_cross_listing,COMPLIT 258A
217335,ILAC 311,ILAC,collapsed_cross_listing,COMPLIT 258A
217335,FRENCH 258A,FRENCH,collapsed_cross_listing,COMPLIT 258A
217360,TAPS 183C,TAPS,collapsed_cross_listing,MUSIC 183C
217363,CLASSICS 156,CLASSICS,collapsed_cross_listing,ARCHLGY 156
217363,CLASSICS 256,CLASSICS,collapsed_cross_listing,ARCHLGY 156
217389,RELIGST 135,RELIGST,collapsed_cross_listing,AFRICAAM 135A
217389,CSRE 135,CSRE,collapsed_cross_listing,AFRICAAM 135A
217389,GLOBAL 137,GLOBAL,collapsed_cross_listing,AFRICAAM 135A
217389,AMSTUD 135X,AMSTUD,collapsed_cross_listing,AFRICAAM 135A
217389,CSRE 120,CSRE,collapsed_cross_listing,AFRICAAM 135A
217402,FRENCH 87N,FRENCH,collapsed_cross_listing,FILMEDIA 87N
217409,ANTHRO 298C,ANTHRO,collapsed_cross_listing,ANTHRO 98C
217413,HISTORY 231P,HISTORY,collapsed_cross_listing,FRENCH 101
217497,DLCL 113Q,DLCL,collapsed_cross_listing,COMPLIT 113Q
217497,ILAC 113Q,ILAC,collapsed_cross_listing,COMPLIT 113Q
217519,MS&E 297,MS&E,collapsed_cross_listing,INTLPOL 341
217555,PSYCH 103F,PSYCH,collapsed_cross_listing,CSRE 103F
217555,PSYCH 203F,PSYCH,collapsed_cross_listing,CSRE 103F
217568,EPS 235,EPS,collapsed_cross_listing,EPS 135
217604,ASNAMST 110,ASNAMST,collapsed_cross_listing,AMSTUD 110A
217631,OCEANS 275,OCEANS,collapsed_cross_listing,ESS 275
217666,SURG 241,SURG,collapsed_cross_listing,ARTSTUDI 139
217670,ME 228,ME,collapsed_cross_listing,CS 226
217694,INTLPOL 200,INTLPOL,collapsed_cross_listing,CS 22A
217694,SYMSYS 122,SYMSYS,collapsed_cross_listing,CS 22A
217700,EDUC 389C,EDUC,collapsed_cross_listing,AFRICAAM 389C
217700,CSRE 385,CSRE,collapsed_cross_listing,AFRICAAM 389C
217700,PWR 194AJB,PWR,collapsed_cross_listing,AFRICAAM 389C
217701,HUMBIO 57,HUMBIO,collapsed_cross_listing,EPI 247
217751,CEE 276G,CEE,collapsed_cross_listing,CEE 176G
217760,HUMBIO 15SC,HUMBIO,collapsed_cross_listing,ANTHRO 25SC
217765,INTLPOL 285,INTLPOL,collapsed_cross_listing,EASTASN 285
217845,EARTHSYS 249,EARTHSYS,collapsed_cross_listing,EARTHSYS 149
217845,NATIVEAM 149,NATIVEAM,collapsed_cross_listing,EARTHSYS 149
217874,ESS 8,ESS,collapsed_cross_listing,EARTHSYS 8
217910,ANTHRO 216B,ANTHRO,collapsed_cross_listing,ANTHRO 116B
217910,ARCHLGY 116B,ARCHLGY,collapsed_cross_listing,ANTHRO 116B
217925,COMM 277E,COMM,collapsed_cross_listing,COMM 177E
217955,CME 285,CME,collapsed_cross_listing,BIOE 285
217955,ME 285,ME,collapsed_cross_listing,BIOE 285
218005,HISTORY 61N,HISTORY,collapsed_cross_listing,AMSTUD 61N
218008,HISTORY 253F,HISTORY,collapsed_cross_listing,AMSTUD 253F
218008,HISTORY 353F,HISTORY,collapsed_cross_listing,AMSTUD 253F
218014,HISTORY 337D,HISTORY,collapsed_cross_listing,HISTORY 237D
218017,ARTHIST 186B,ARTHIST,collapsed_cross_listing,AMSTUD 186D
218017,ASNAMST 186B,ASNAMST,collapsed_cross_listing,AMSTUD 186D
218017,ARTHIST 386B,ARTHIST,collapsed_cross_listing,AMSTUD 186D
218065,TAPS 170A,TAPS,collapsed_cross_listing,TAPS 370A
218079,HISTORY 256E,HISTORY,collapsed_cross_listing,AFRICAAM 256E
218079,AMSTUD 256E,AMSTUD,collapsed_cross_listing,AFRICAAM 256E
218083,HISTORY 238J,HISTORY,collapsed_cross_listing,AFRICAAM 238J
218083,HISTORY 338J,HISTORY,collapsed_cross_listing,AFRICAAM 238J
218103,HISTORY 178,HISTORY,collapsed_cross_listing,FILMEDIA 178
218103,HISTORY 78,HISTORY,collapsed_cross_listing,FILMEDIA 178
218103,ILAC 178,ILAC,collapsed_cross_listing,FILMEDIA 178
218109,EDUC 341,EDUC,collapsed_cross_listing,CSRE 141E
218109,EDUC 141,EDUC,collapsed_cross_listing,CSRE 141E
218112,SOC 297,SOC,collapsed_cross_listing,EDUC 349
218113,POLISCI 132A,POLISCI,collapsed_cross_listing,ETHICSOC 134R
218114,POLISCI 234,POLISCI,collapsed_cross_listing,ETHICSOC 234
218114,PHIL 176P,PHIL,collapsed_cross_listing,ETHICSOC 234
218115,POLISCI 446A,POLISCI,collapsed_cross_listing,POLISCI 246A
218116,POLISCI 211N,POLISCI,collapsed_cross_listing,INTLPOL 311N
218116,POLISCI 311N,POLISCI,collapsed_cross_listing,INTLPOL 311N
218117,HISTORY 311,HISTORY,collapsed_cross_listing,HISTORY 211
218117,JEWISHST 211,JEWISHST,collapsed_cross_listing,HISTORY 211
218118,HISTORY 116,HISTORY,collapsed_cross_listing,HISTORY 16
218154,COMM 254,COMM,collapsed_cross_listing,COMM 154
218154,SOC 154,SOC,collapsed_cross_listing,COMM 154
218154,CSRE 154T,CSRE,collapsed_cross_listing,COMM 154
218154,SOC 254C,SOC,collapsed_cross_listing,COMM 154
218163,GERMAN 232,GERMAN,collapsed_cross_listing,GERMAN 332
218164,GERMAN 231,GERMAN,collapsed_cross_listing,GERMAN 331
218165,GERMAN 230,GERMAN,collapsed_cross_listing,GERMAN 330
218166,ENGLISH 93Q,ENGLISH,collapsed_cross_listing,AMSTUD 93Q
218176,PWR 194MF,PWR,collapsed_cross_listing,FEMGEN 123
218184,EARTHSYS 47,EARTHSYS,collapsed_cross_listing,BIO 47
218185,CHINLANG 225,CHINLANG,collapsed_cross_listing,CHINLANG 125
218256,CEE 161C,CEE,collapsed_cross_listing,CEE 261C
218293,EDUC 389B,EDUC,collapsed_cross_listing,ANTHRO 398B
218293,LINGUIST 254,LINGUIST,collapsed_cross_listing,ANTHRO 398B
218293,CSRE 389B,CSRE,collapsed_cross_listing,ANTHRO 398B
218304,DLCL 11,DLCL,collapsed_cross_listing,CLASSICS 37
218304,HUMCORE 112,HUMCORE,collapsed_cross_listing,CLASSICS 37
218314,EDUC 107,EDUC,collapsed_cross_listing,EDUC 207
218314,SOC 107E,SOC,collapsed_cross_listing,EDUC 207
218314,SOC 205,SOC,collapsed_cross_listing,EDUC 207
218332,SURG 214,SURG,collapsed_cross_listing,CLASSICS 212
218366,LINGUIST 245A,LINGUIST,collapsed_cross_listing,LINGUIST 145
218366,PSYCH 140,PSYCH,collapsed_cross_listing,LINGUIST 145
218368,SLAVIC 160,SLAVIC,collapsed_cross_listing,COMPLIT 231B
218368,SLAVIC 360,SLAVIC,collapsed_cross_listing,COMPLIT 231B
218390,GERMAN 255,GERMAN,collapsed_cross_listing,ENGLISH 255
218435,PHYSICS 282,PHYSICS,collapsed_cross_listing,APPPHYS 282
218435,PHYSICS 182,PHYSICS,collapsed_cross_listing,APPPHYS 282
218463,FRENCH 238,FRENCH,collapsed_cross_listing,ARTHIST 238C
218467,PHIL 13,PHIL,collapsed_cross_listing,FRENCH 13
218467,HUMCORE 13,HUMCORE,collapsed_cross_listing,FRENCH 13
218467,HISTORY 239C,HISTORY,collapsed_cross_listing,FRENCH 13
218470,ANTHRO 210,ANTHRO,collapsed_cross_listing,ANTHRO 110
218470,ARCHLGY 110,ARCHLGY,collapsed_cross_listing,ANTHRO 110
218495,GEOPHYS 308,GEOPHYS,collapsed_cross_listing,CEE 308
218520,SLAVIC 270,SLAVIC,collapsed_cross_listing,COMPLIT 270
218539,DLCL 100,DLCL,collapsed_cross_listing,COMPLIT 100
218539,FRENCH 175,FRENCH,collapsed_cross_listing,COMPLIT 100
218539,ITALIAN 175,ITALIAN,collapsed_cross_listing,COMPLIT 100
218539,GERMAN 175,GERMAN,collapsed_cross_listing,COMPLIT 100
218539,HISTORY 106E,HISTORY,collapsed_cross_listing,COMPLIT 100
218539,ILAC 175,ILAC,collapsed_cross_listing,COMPLIT 100
218539,URBANST 153,URBANST,collapsed_cross_listing,COMPLIT 100
218545,CS 237A,CS,collapsed_cross_listing,AA 274A
218545,EE 260A,EE,collapsed_cross_listing,AA 274A
218545,ME 274A,ME,collapsed_cross_listing,AA 274A
218558,FILMEDIA 129,FILMEDIA,collapsed_cross_listing,AMSTUD 129
218558,FILMEDIA 329,FILMEDIA,collapsed_cross_listing,AMSTUD 129
218558,FILMEDIA 429,FILMEDIA,collapsed_cross_listing,AMSTUD 129
218595,EARTHSYS 125,EARTHSYS,collapsed_cross_listing,CSRE 125E
218595,EARTHSYS 225,EARTHSYS,collapsed_cross_listing,CSRE 125E
218595,URBANST 125,URBANST,collapsed_cross_listing,CSRE 125E
218600,MS&E 206,MS&E,collapsed_cross_listing,CS 269I
218601,CS 273B,CS,collapsed_cross_listing,BMDS 273
218601,GENE 236,GENE,collapsed_cross_listing,BMDS 273
218691,URBANST 183,URBANST,collapsed_cross_listing,CEE 131E
218709,EPI 264,EPI,collapsed_cross_listing,BMDS 243
218709,STATS 264,STATS,collapsed_cross_listing,BMDS 243
218710,EPI 265,EPI,collapsed_cross_listing,BMDS 238
218710,PSYC 265,PSYC,collapsed_cross_listing,BMDS 238
218714,DBIO 219,DBIO,collapsed_cross_listing,BIOE 219
218760,JEWISHST 481,JEWISHST,collapsed_cross_listing,HISTORY 481
218760,JEWISHST 287S,JEWISHST,collapsed_cross_listing,HISTORY 481
218785,JEWISHST 147B,JEWISHST,collapsed_cross_listing,COMPLIT 127B
218795,EBS 273,EBS,collapsed_cross_listing,CEE 273B
218801,COMPLIT 348,COMPLIT,collapsed_cross_listing,CHILATST 247
218801,ILAC 348,ILAC,collapsed_cross_listing,CHILATST 247
218808,CSRE 55N,CSRE,collapsed_cross_listing,COMPLIT 55N
218820,CS 206,CS,collapsed_cross_listing,COMM 281
218831,DANCE 29,DANCE,collapsed_cross_listing,AFRICAAM 29C
218833,GENE 207,GENE,collapsed_cross_listing,BIOE 301D
218853,JEWISHST 249A,JEWISHST,collapsed_cross_listing,COMPLIT 259A
218890,RAD 235,RAD,collapsed_cross_listing,BMP 235
218893,LATINAM 248,LATINAM,collapsed_cross_listing,AFRICAAM 248
218893,CSRE 248,CSRE,collapsed_cross_listing,AFRICAAM 248
218893,CHILATST 248A,CHILATST,collapsed_cross_listing,AFRICAAM 248
218904,SOC 384,SOC,collapsed_cross_listing,EDUC 326
218909,EASTASN 143,EASTASN,collapsed_cross_listing,EASTASN 243
218973,PUBLPOL 203F,PUBLPOL,collapsed_cross_listing,PUBLPOL 103F
219053,POLISCI 14SC,POLISCI,collapsed_cross_listing,CEE 17SC
219053,EARTHSYS 16SC,EARTHSYS,collapsed_cross_listing,CEE 17SC
219053,HISTORY 29SC,HISTORY,collapsed_cross_listing,CEE 17SC
219083,COMPLIT 302,COMPLIT,collapsed_cross_listing,COMPLIT 102
219122,MUSIC 31N,MUSIC,collapsed_cross_listing,ASNAMST 31N
219134,RAD 230,RAD,collapsed_cross_listing,BMP 230
219146,TAPS 250J,TAPS,collapsed_cross_listing,AFRICAAM 250J
219146,AMSTUD 250J,AMSTUD,collapsed_cross_listing,AFRICAAM 250J
219146,FEMGEN 250J,FEMGEN,collapsed_cross_listing,AFRICAAM 250J
219146,CSRE 250J,CSRE,collapsed_cross_listing,AFRICAAM 250J
219162,HISTORY 318,HISTORY,collapsed_cross_listing,HISTORY 218
219162,RELIGST 218X,RELIGST,collapsed_cross_listing,HISTORY 218
219162,RELIGST 318X,RELIGST,collapsed_cross_listing,HISTORY 218
219171,HISTORY 402D,HISTORY,collapsed_cross_listing,HISTORY 202S
219171,JEWISHST 282S,JEWISHST,collapsed_cross_listing,HISTORY 202S
219171,JEWISHST 482D,JEWISHST,collapsed_cross_listing,HISTORY 202S
219175,HISTORY 205K,HISTORY,collapsed_cross_listing,AFRICAAM 205K
219175,HISTORY 305K,HISTORY,collapsed_cross_listing,AFRICAAM 205K
219175,AMSTUD 205K,AMSTUD,collapsed_cross_listing,AFRICAAM 205K
219179,HISTORY 251J,HISTORY,collapsed_cross_listing,AFRICAAM 251J
219179,AMSTUD 251J,AMSTUD,collapsed_cross_listing,AFRICAAM 251J
219179,HISTORY 351J,HISTORY,collapsed_cross_listing,AFRICAAM 251J
219182,JEWISHST 86Q,JEWISHST,collapsed_cross_listing,HISTORY 86Q
219216,HISTORY 332G,HISTORY,collapsed_cross_listing,HISTORY 232G
219221,JEWISHST 31Q,JEWISHST,collapsed_cross_listing,HISTORY 31Q
219225,NATIVEAM 35N,NATIVEAM,collapsed_cross_listing,BIO 35N
219248,RELIGST 333X,RELIGST,collapsed_cross_listing,EDUC 412
219258,AFRICAAM 254G,AFRICAAM,collapsed_cross_listing,AFRICAAM 154G
219258,TAPS 154G,TAPS,collapsed_cross_listing,AFRICAAM 154G
219258,CSRE 154D,CSRE,collapsed_cross_listing,AFRICAAM 154G
219258,FEMGEN 154G,FEMGEN,collapsed_cross_listing,AFRICAAM 154G
219258,TAPS 354G,TAPS,collapsed_cross_listing,AFRICAAM 154G
219269,RELIGST 262,RELIGST,collapsed_cross_listing,CLASSICS 262
219269,RELIGST 362,RELIGST,collapsed_cross_listing,CLASSICS 262
219269,FEMGEN 262,FEMGEN,collapsed_cross_listing,CLASSICS 262
219269,FEMGEN 362R,FEMGEN,collapsed_cross_listing,CLASSICS 262
219273,RELIGST 53,RELIGST,collapsed_cross_listing,JEWISHST 53
219278,RELIGST 364,RELIGST,collapsed_cross_listing,RELIGST 264
219298,COMM 258,COMM,collapsed_cross_listing,COMM 158
219301,POLISCI 130,POLISCI,collapsed_cross_listing,ETHICSOC 130
219301,PHIL 171P,PHIL,collapsed_cross_listing,ETHICSOC 130
219304,REES 240P,REES,collapsed_cross_listing,POLISCI 140P
219308,JAPAN 292,JAPAN,collapsed_cross_listing,JAPAN 192
219326,GERMAN 347,GERMAN,collapsed_cross_listing,GERMAN 147
219352,SOMGEN 150Q,SOMGEN,collapsed_cross_listing,FEMGEN 150Q
219363,PSYCH 21N,PSYCH,collapsed_cross_listing,AFRICAAM 121N
219363,CSRE 21N,CSRE,collapsed_cross_listing,AFRICAAM 121N
219364,MS&E 211X,MS&E,collapsed_cross_listing,MS&E 111X
219374,PSYCH 249,PSYCH,collapsed_cross_listing,CS 375
219376,SYMSYS 206,SYMSYS,collapsed_cross_listing,PSYCH 247
219396,FRENCH 192,FRENCH,collapsed_cross_listing,FEMGEN 192
219396,FILMEDIA 112,FILMEDIA,collapsed_cross_listing,FEMGEN 192
219396,FRENCH 392,FRENCH,collapsed_cross_listing,FEMGEN 192
219407,POLISCI 141A,POLISCI,collapsed_cross_listing,CSRE 141S
219436,ESS 224,ESS,collapsed_cross_listing,CEE 260D
219451,EARTHSYS 223,EARTHSYS,collapsed_cross_listing,EARTHSYS 123A
219451,ESS 123,ESS,collapsed_cross_listing,EARTHSYS 123A
219451,ESS 223,ESS,collapsed_cross_listing,EARTHSYS 123A
219466,GERMAN 367,GERMAN,collapsed_cross_listing,GERMAN 267
219482,SUST 220,SUST,collapsed_cross_listing,NATIVEAM 220
219489,ENGR 60,ENGR,collapsed_cross_listing,CEE 146S
219499,MUSIC 153A,MUSIC,collapsed_cross_listing,ARTSINST 141
219500,EE 165,EE,collapsed_cross_listing,EE 230
219500,GEOPHYS 165,GEOPHYS,collapsed_cross_listing,EE 230
219500,GEOPHYS 230,GEOPHYS,collapsed_cross_listing,EE 230
219516,HISTORY 304A,HISTORY,collapsed_cross_listing,HISTORY 204A
219516,HISTORY 299CA,HISTORY,collapsed_cross_listing,HISTORY 204A
219520,PUBLPOL 14,PUBLPOL,collapsed_cross_listing,ECON 14
219537,HISTORY 45S,HISTORY,collapsed_cross_listing,AFRICAAM 145S
219537,CSRE 45S,CSRE,collapsed_cross_listing,AFRICAAM 145S
219551,EARTHSYS 162,EARTHSYS,collapsed_cross_listing,CS 325B
219551,EARTHSYS 262,EARTHSYS,collapsed_cross_listing,CS 325B
219553,EPS 205,EPS,collapsed_cross_listing,EARTHSYS 205A
219553,ESS 205,ESS,collapsed_cross_listing,EARTHSYS 205A
219565,FEMGEN 387X,FEMGEN,collapsed_cross_listing,FEMGEN 287X
219565,FRENCH 387,FRENCH,collapsed_cross_listing,FEMGEN 287X
219565,FRENCH 287,FRENCH,collapsed_cross_listing,FEMGEN 287X
219578,EE 104,EE,collapsed_cross_listing,CME 107
219597,SOC 156A,SOC,collapsed_cross_listing,AMSTUD 156
219597,SOC 256A,SOC,collapsed_cross_listing,AMSTUD 156
219597,CSRE 156,CSRE,collapsed_cross_listing,AMSTUD 156
219597,URBANST 156A,URBANST,collapsed_cross_listing,AMSTUD 156
219598,CHEM 161,CHEM,collapsed_cross_listing,CHEM 261
219610,STS 200N,STS,collapsed_cross_listing,AFRICAAM 200N
219610,EDUC 314,EDUC,collapsed_cross_listing,AFRICAAM 200N
219610,CSRE 314,CSRE,collapsed_cross_listing,AFRICAAM 200N
219613,PHIL 281C,PHIL,collapsed_cross_listing,PHIL 181C
219619,PHIL 213A,PHIL,collapsed_cross_listing,PHIL 113A
219636,FILMEDIA 335,FILMEDIA,collapsed_cross_listing,FILMEDIA 135
219636,GLOBAL 135,GLOBAL,collapsed_cross_listing,FILMEDIA 135
219652,FEMGEN 131,FEMGEN,collapsed_cross_listing,CSRE 131A
219652,FILMEDIA 131A,FILMEDIA,collapsed_cross_listing,CSRE 131A
219663,FEMGEN 143,FEMGEN,collapsed_cross_listing,ANES 143
219663,SOC 188,SOC,collapsed_cross_listing,ANES 143
219663,SOC 288,SOC,collapsed_cross_listing,ANES 143
219695,TAPS 258,TAPS,collapsed_cross_listing,AFRICAAM 258
219695,CSRE 258,CSRE,collapsed_cross_listing,AFRICAAM 258
219695,FEMGEN 258X,FEMGEN,collapsed_cross_listing,AFRICAAM 258
219695,AMSTUD 258B,AMSTUD,collapsed_cross_listing,AFRICAAM 258
219711,EBS 183,EBS,collapsed_cross_listing,EARTHSYS 183
219712,FEMGEN 132,FEMGEN,collapsed_cross_listing,AFRICAAM 138
219712,FEMGEN 332,FEMGEN,collapsed_cross_listing,AFRICAAM 138
219712,CSRE 133,CSRE,collapsed_cross_listing,AFRICAAM 138
219720,COMM 245,COMM,collapsed_cross_listing,COMM 145
219763,TAPS 183E,TAPS,collapsed_cross_listing,MUSIC 183E
219790,BIO 191,BIO,collapsed_cross_listing,BIO 332
219810,ME 268,ME,collapsed_cross_listing,EDUC 468
219814,PSYCH 30N,PSYCH,collapsed_cross_listing,CSRE 30N
219814,SOC 179N,SOC,collapsed_cross_listing,CSRE 30N
219814,EDUC 30N,EDUC,collapsed_cross_listing,CSRE 30N
219818,GENE 268,GENE,collapsed_cross_listing,BIOS 268
219853,DANCE 160J,DANCE,collapsed_cross_listing,AFRICAAM 160J
219853,CSRE 160J,CSRE,collapsed_cross_listing,AFRICAAM 160J
219856,EDUC 150,EDUC,collapsed_cross_listing,AFRICAAM 150
219863,RESPROG 3C,RESPROG,collapsed_cross_listing,CHILATST 3C
219866,RESPROG 4A,RESPROG,collapsed_cross_listing,ASNAMST 4A
219867,RESPROG 4B,RESPROG,collapsed_cross_listing,ASNAMST 4B
219878,CEE 207R,CEE,collapsed_cross_listing,CEE 107R
219881,ENGLISH 91A,ENGLISH,collapsed_cross_listing,AMSTUD 91A
219881,ASNAMST 91A,ASNAMST,collapsed_cross_listing,AMSTUD 91A
219890,CSRE 217,CSRE,collapsed_cross_listing,CSRE 117
219890,ENGR 117,ENGR,collapsed_cross_listing,CSRE 117
219890,FEMGEN 117,FEMGEN,collapsed_cross_listing,CSRE 117
219890,FEMGEN 217,FEMGEN,collapsed_cross_listing,CSRE 117
219890,ENGR 217,ENGR,collapsed_cross_listing,CSRE 117
219894,TAPS 278C,TAPS,collapsed_cross_listing,TAPS 178C
219927,CLASSICS 216,CLASSICS,collapsed_cross_listing,CLASSICS 116
219927,HUMRTS 106,HUMRTS,collapsed_cross_listing,CLASSICS 116
219927,ETHICSOC 106,ETHICSOC,collapsed_cross_listing,CLASSICS 116
219930,DANCE 128,DANCE,collapsed_cross_listing,AFRICAAM 128
219940,KOREA 350,KOREA,collapsed_cross_listing,KOREA 250
219983,GLOBAL 136,GLOBAL,collapsed_cross_listing,ETHICSOC 103X
219983,POLISCI 136,POLISCI,collapsed_cross_listing,ETHICSOC 103X
219983,HISTORY 283M,HISTORY,collapsed_cross_listing,ETHICSOC 103X
219993,ENGLISH 350,ENGLISH,collapsed_cross_listing,COMPLIT 350L
220010,COMPLIT 319,COMPLIT,collapsed_cross_listing,COMPLIT 119
220014,STATS 251,STATS,collapsed_cross_listing,BMDS 251
220065,TAPS 21T,TAPS,collapsed_cross_listing,FEMGEN 21T
220083,MED 268,MED,collapsed_cross_listing,ASNAMST 268
220124,MED 224,MED,collapsed_cross_listing,HRP 224
220124,PUBLPOL 224,PUBLPOL,collapsed_cross_listing,HRP 224
220128,RAD 802,RAD,collapsed_cross_listing,BMP 802
220167,SLAVIC 121,SLAVIC,collapsed_cross_listing,REES 221
220167,SLAVIC 221,SLAVIC,collapsed_cross_listing,REES 221
220186,PEDS 219,PEDS,collapsed_cross_listing,DESIGN 264
220196,ARTHIST 431,ARTHIST,collapsed_cross_listing,ARTHIST 231
220196,HISTORY 231,HISTORY,collapsed_cross_listing,ARTHIST 231
220196,HISTORY 331,HISTORY,collapsed_cross_listing,ARTHIST 231
220196,ITALIAN 231,ITALIAN,collapsed_cross_listing,ARTHIST 231
220196,ITALIAN 331,ITALIAN,collapsed_cross_listing,ARTHIST 231
220218,HISTORY 55F,HISTORY,collapsed_cross_listing,AFRICAAM 55F
220218,HISTORY 155F,HISTORY,collapsed_cross_listing,AFRICAAM 55F
220218,AMSTUD 55F,AMSTUD,collapsed_cross_listing,AFRICAAM 55F
220218,AMSTUD 155F,AMSTUD,collapsed_cross_listing,AFRICAAM 55F
220218,CSRE 55F,CSRE,collapsed_cross_listing,AFRICAAM 55F
220218,CSRE 155F,CSRE,collapsed_cross_listing,AFRICAAM 55F
220220,HISTORY 137D,HISTORY,collapsed_cross_listing,HISTORY 37D
220238,HISTORY 354E,HISTORY,collapsed_cross_listing,HISTORY 254E
220253,STS 200G,STS,collapsed_cross_listing,HISTORY 200D
220254,GERMAN 313,GERMAN,collapsed_cross_listing,GERMAN 213
220254,HISTORY 213F,HISTORY,collapsed_cross_listing,GERMAN 213
220254,HISTORY 313F,HISTORY,collapsed_cross_listing,GERMAN 213
220256,HISTORY 12N,HISTORY,collapsed_cross_listing,CLASSICS 12N
220273,OCEANS 173HA,OCEANS,collapsed_cross_listing,OCEANS 273HA
220277,SYMSYS 132,SYMSYS,collapsed_cross_listing,PSYCH 132
220288,BIO 272,BIO,collapsed_cross_listing,BIO 172
220289,COMM 277B,COMM,collapsed_cross_listing,COMM 177B
220318,SOC 349,SOC,collapsed_cross_listing,CSRE 349
220321,SOC 298,SOC,collapsed_cross_listing,PSYCH 270
220321,SOC 398,SOC,collapsed_cross_listing,PSYCH 270
220322,SOC 3,SOC,collapsed_cross_listing,CSRE 3P
220322,PUBLPOL 113,PUBLPOL,collapsed_cross_listing,CSRE 3P
220344,ENGLISH 41N,ENGLISH,collapsed_cross_listing,AMSTUD 41N
220344,TAPS 40N,TAPS,collapsed_cross_listing,AMSTUD 41N
220346,ENGLISH 312A,ENGLISH,collapsed_cross_listing,ENGLISH 212
220351,FEMGEN 125V,FEMGEN,collapsed_cross_listing,ENGLISH 125
220356,FEMGEN 146CW,FEMGEN,collapsed_cross_listing,ENGLISH 146CW
220384,ARTHIST 339,ARTHIST,collapsed_cross_listing,ARTHIST 139
220384,EASTASN 339A,EASTASN,collapsed_cross_listing,ARTHIST 139
220384,CHINA 139,CHINA,collapsed_cross_listing,ARTHIST 139
220384,CHINA 339,CHINA,collapsed_cross_listing,ARTHIST 139
220388,INTNLREL 183,INTNLREL,collapsed_cross_listing,HISTORY 206C
220391,FILMPROD 351,FILMPROD,collapsed_cross_listing,FILMPROD 151
220396,MUSIC 192F,MUSIC,collapsed_cross_listing,ARTSTUDI 175
220397,FEMGEN 350A,FEMGEN,collapsed_cross_listing,ANTHRO 350A
220406,MUSIC 118,MUSIC,collapsed_cross_listing,AFRICAAM 218
220406,CSRE 118D,CSRE,collapsed_cross_listing,AFRICAAM 218
220408,ENVRES 223,ENVRES,collapsed_cross_listing,EARTHSYS 194
220414,FRENCH 236,FRENCH,collapsed_cross_listing,COMPLIT 236A
220414,FRENCH 336,FRENCH,collapsed_cross_listing,COMPLIT 236A
220414,URBANST 140F,URBANST,collapsed_cross_listing,COMPLIT 236A
220414,CSRE 140S,CSRE,collapsed_cross_listing,COMPLIT 236A
220414,HISTORY 245C,HISTORY,collapsed_cross_listing,COMPLIT 236A
220414,JEWISHST 236A,JEWISHST,collapsed_cross_listing,COMPLIT 236A
220416,BIO 127,BIO,collapsed_cross_listing,BIO 247
220416,GENE 247,GENE,collapsed_cross_listing,BIO 247
220446,PHYSICS 266,PHYSICS,collapsed_cross_listing,PHYSICS 166
220469,CLASSICS 218,CLASSICS,collapsed_cross_listing,CLASSICS 118
220469,HUMRTS 109,HUMRTS,collapsed_cross_listing,CLASSICS 118
220477,RELIGST 150,RELIGST,collapsed_cross_listing,COMPLIT 31
220477,HUMCORE 111,HUMCORE,collapsed_cross_listing,COMPLIT 31
220477,JEWISHST 150,JEWISHST,collapsed_cross_listing,COMPLIT 31
220479,RELIGST 123,RELIGST,collapsed_cross_listing,CLASSICS 125
220481,RELIGST 129,RELIGST,collapsed_cross_listing,JEWISHST 129A
220484,RELIGST 332,RELIGST,collapsed_cross_listing,RELIGST 232
220528,ENGLISH 177,ENGLISH,collapsed_cross_listing,AMSTUD 177
220546,ARTHIST 319,ARTHIST,collapsed_cross_listing,ARTHIST 119
220546,FRENCH 149,FRENCH,collapsed_cross_listing,ARTHIST 119
220546,FRENCH 349,FRENCH,collapsed_cross_listing,ARTHIST 119
220546,ITALIAN 149,ITALIAN,collapsed_cross_listing,ARTHIST 119
220546,ITALIAN 349,ITALIAN,collapsed_cross_listing,ARTHIST 119
220553,CS 80Q,CS,collapsed_cross_listing,AFRICAAM 80Q
220554,FEMGEN 94Q,FEMGEN,collapsed_cross_listing,ENGLISH 94Q
220561,CEE 273S,CEE,collapsed_cross_listing,CEE 173S
220567,CSRE 230A,CSRE,collapsed_cross_listing,COMM 230A
220571,SOC 174,SOC,collapsed_cross_listing,CS 278
220571,SOC 274,SOC,collapsed_cross_listing,CS 278
220582,PUBLPOL 265F,PUBLPOL,collapsed_cross_listing,CEE 265F
220582,POLISCI 227B,POLISCI,collapsed_cross_listing,CEE 265F
220582,GEP 248,GEP,collapsed_cross_listing,CEE 265F
220584,EE 244,EE,collapsed_cross_listing,CS 217
220601,TAPS 253H,TAPS,collapsed_cross_listing,TAPS 153H
220605,EPI 272,EPI,collapsed_cross_listing,CHPR 227
220620,MED 250,MED,collapsed_cross_listing,CHPR 231
220631,REES 254,REES,collapsed_cross_listing,ANTHRO 254C
220631,FRENCH 254,FRENCH,collapsed_cross_listing,ANTHRO 254C
220631,HISTORY 254B,HISTORY,collapsed_cross_listing,ANTHRO 254C
220631,HISTORY 354B,HISTORY,collapsed_cross_listing,ANTHRO 254C
220651,ME 343,ME,collapsed_cross_listing,CME 216
220654,CLASSICS 115,CLASSICS,collapsed_cross_listing,ARCHLGY 117
220654,ITALIAN 115,ITALIAN,collapsed_cross_listing,ARCHLGY 117
220654,HISTORY 238C,HISTORY,collapsed_cross_listing,ARCHLGY 117
220654,ENGLISH 115,ENGLISH,collapsed_cross_listing,ARCHLGY 117
220663,ME 227,ME,collapsed_cross_listing,ME 127
220667,EE 284A,EE,collapsed_cross_listing,CS 284A
220673,JAPAN 24,JAPAN,collapsed_cross_listing,CHINA 24
220673,KOREA 24,KOREA,collapsed_cross_listing,CHINA 24
220673,HUMCORE 133,HUMCORE,collapsed_cross_listing,CHINA 24
220673,COMPLIT 44,COMPLIT,collapsed_cross_listing,CHINA 24
220687,KOREA 251,KOREA,collapsed_cross_listing,KOREA 151
220687,CHINA 151B,CHINA,collapsed_cross_listing,KOREA 151
220687,CHINA 251B,CHINA,collapsed_cross_listing,KOREA 151
220687,JAPAN 151B,JAPAN,collapsed_cross_listing,KOREA 151
220687,JAPAN 251B,JAPAN,collapsed_cross_listing,KOREA 151
220689,CHINA 388,CHINA,collapsed_cross_listing,CHINA 288
220703,ITALIAN 321,ITALIAN,collapsed_cross_listing,COMPLIT 221
220703,FRENCH 321,FRENCH,collapsed_cross_listing,COMPLIT 221
220703,FRENCH 212,FRENCH,collapsed_cross_listing,COMPLIT 221
220703,ITALIAN 221,ITALIAN,collapsed_cross_listing,COMPLIT 221
220706,FRENCH 262,FRENCH,collapsed_cross_listing,ITALIAN 262
220706,ITALIAN 362,ITALIAN,collapsed_cross_listing,ITALIAN 262
220706,FRENCH 362,FRENCH,collapsed_cross_listing,ITALIAN 262
220713,INTLPOL 272,INTLPOL,collapsed_cross_listing,GEP 268
220717,FRENCH 379,FRENCH,collapsed_cross_listing,FRENCH 279
220723,COMM 253B,COMM,collapsed_cross_listing,COMM 153B
220733,MS&E 346,MS&E,collapsed_cross_listing,CME 241
220734,ITALIAN 200,ITALIAN,collapsed_cross_listing,ITALIAN 300
220739,EDUC 131,EDUC,collapsed_cross_listing,CHILATST 131
220765,ENGLISH 90R,ENGLISH,collapsed_cross_listing,AMSTUD 90R
220790,URBANST 103C,URBANST,collapsed_cross_listing,CEE 33C
220843,SLAVIC 228,SLAVIC,collapsed_cross_listing,REES 328
220843,SLAVIC 328,SLAVIC,collapsed_cross_listing,REES 328
220890,INTLPOL 355,INTLPOL,collapsed_cross_listing,HUMRTS 117
220893,POLISCI 238R,POLISCI,collapsed_cross_listing,CLASSICS 395
220893,POLISCI 438R,POLISCI,collapsed_cross_listing,CLASSICS 395
220893,PHIL 338R,PHIL,collapsed_cross_listing,CLASSICS 395
220924,CEE 212E,CEE,collapsed_cross_listing,CEE 112E
220924,EPS 112,EPS,collapsed_cross_listing,CEE 112E
220924,ESS 137,ESS,collapsed_cross_listing,CEE 112E
220924,ESS 237,ESS,collapsed_cross_listing,CEE 112E
220924,GEOPHYS 113,GEOPHYS,collapsed_cross_listing,CEE 112E
220924,GEOPHYS 213,GEOPHYS,collapsed_cross_listing,CEE 112E
220924,EPS 212,EPS,collapsed_cross_listing,CEE 112E
220924,EARTHSYS 112G,EARTHSYS,collapsed_cross_listing,CEE 112E
220924,EARTHSYS 212G,EARTHSYS,collapsed_cross_listing,CEE 112E
220925,HISTORY 278B,HISTORY,collapsed_cross_listing,HISTORY 378
220930,MED 285,MED,collapsed_cross_listing,HRP 285
220930,SUSTAIN 345,SUSTAIN,collapsed_cross_listing,HRP 285
220950,FILMEDIA 453,FILMEDIA,collapsed_cross_listing,FILMEDIA 253
220950,ARTHIST 253,ARTHIST,collapsed_cross_listing,FILMEDIA 253
220950,ARTHIST 453,ARTHIST,collapsed_cross_listing,FILMEDIA 253
220951,RAD 206,RAD,collapsed_cross_listing,BIOE 206
220951,BMP 206,BMP,collapsed_cross_listing,BIOE 206
220966,MED 277,MED,collapsed_cross_listing,BIOE 277
220966,CS 337,CS,collapsed_cross_listing,BIOE 277
220966,PSYC 278,PSYC,collapsed_cross_listing,BIOE 277
220971,PSYCH 143,PSYCH,collapsed_cross_listing,PSYC 243
221013,COMM 277T,COMM,collapsed_cross_listing,COMM 177T
221017,NATIVEAM 161,NATIVEAM,collapsed_cross_listing,CSRE 161P
221018,SIW 185,SIW,collapsed_cross_listing,HISTORY 264D
221050,JEWISHST 115,JEWISHST,collapsed_cross_listing,AMSTUD 215
221052,TAPS 122M,TAPS,collapsed_cross_listing,MUSIC 122M
221055,RELIGST 223,RELIGST,collapsed_cross_listing,JEWISHST 223
221055,RELIGST 323,RELIGST,collapsed_cross_listing,JEWISHST 223
221060,OCEANS 157H,OCEANS,collapsed_cross_listing,ENGLISH 91AI
221060,OCEANS 257H,OCEANS,collapsed_cross_listing,ENGLISH 91AI
221103,OCEANS 259H,OCEANS,collapsed_cross_listing,OCEANS 159H
221109,DLCL 204,DLCL,collapsed_cross_listing,COMPLIT 204A
221114,ENGLISH 318,ENGLISH,collapsed_cross_listing,DLCL 312
221114,FEMGEN 312F,FEMGEN,collapsed_cross_listing,DLCL 312
221156,BIO 221,BIO,collapsed_cross_listing,BIO 121
221160,OCEANS 240H,OCEANS,collapsed_cross_listing,OCEANS 140H
221171,SOMGEN 160A,SOMGEN,collapsed_cross_listing,FEMGEN 160A
221182,ARCHLGY 133,ARCHLGY,collapsed_cross_listing,ARCHLGY 233
221189,BIO 179,BIO,collapsed_cross_listing,BIO 279
221189,EARTHSYS 179,EARTHSYS,collapsed_cross_listing,BIO 279
221189,EARTHSYS 279,EARTHSYS,collapsed_cross_listing,BIO 279
221260,ME 235,ME,collapsed_cross_listing,APPPHYS 235
221260,BIOPHYS 235,BIOPHYS,collapsed_cross_listing,APPPHYS 235
221260,BIOE 235,BIOE,collapsed_cross_listing,APPPHYS 235
221261,ME 214,ME,collapsed_cross_listing,CS 377Q
221268,ENGLISH 22C,ENGLISH,collapsed_cross_listing,ENGLISH 122C
221289,POLISCI 28SC,POLISCI,collapsed_cross_listing,ENERGY 13SC
221313,ESS 40,ESS,collapsed_cross_listing,CEE 40
221313,OCEANS 40,OCEANS,collapsed_cross_listing,CEE 40
221330,PSYCH 249B,PSYCH,collapsed_cross_listing,PSYC 223B
221352,EMED 227,EMED,collapsed_cross_listing,EMED 127
221352,PUBLPOL 227,PUBLPOL,collapsed_cross_listing,EMED 127
221352,PUBLPOL 127,PUBLPOL,collapsed_cross_listing,EMED 127
221377,COMM 286,COMM,collapsed_cross_listing,COMM 186W
221382,MUSIC 132,MUSIC,collapsed_cross_listing,EDUC 132
221388,ARTHIST 191,ARTHIST,collapsed_cross_listing,AFRICAAM 191B
221388,CSRE 191,CSRE,collapsed_cross_listing,AFRICAAM 191B
221390,ARTHIST 315,ARTHIST,collapsed_cross_listing,ARTHIST 115
221390,ITALIAN 115A,ITALIAN,collapsed_cross_listing,ARTHIST 115
221390,ITALIAN 315A,ITALIAN,collapsed_cross_listing,ARTHIST 115
221394,EE 292D,EE,collapsed_cross_listing,CS 329E
221395,CS 182,CS,collapsed_cross_listing,COMM 180
221395,POLISCI 182,POLISCI,collapsed_cross_listing,COMM 180
221395,ETHICSOC 182,ETHICSOC,collapsed_cross_listing,COMM 180
221395,PHIL 82,PHIL,collapsed_cross_listing,COMM 180
221395,PUBLPOL 182,PUBLPOL,collapsed_cross_listing,COMM 180
221400,ARTHIST 440,ARTHIST,collapsed_cross_listing,ARTHIST 240
221413,AFRICAAM 491,AFRICAAM,collapsed_cross_listing,AFRICAAM 291
221413,ARTHIST 291,ARTHIST,collapsed_cross_listing,AFRICAAM 291
221413,ARTHIST 491,ARTHIST,collapsed_cross_listing,AFRICAAM 291
221413,FILMEDIA 291,FILMEDIA,collapsed_cross_listing,AFRICAAM 291
221413,FILMEDIA 491,FILMEDIA,collapsed_cross_listing,AFRICAAM 291
221413,CSRE 290,CSRE,collapsed_cross_listing,AFRICAAM 291
221413,CSRE 390,CSRE,collapsed_cross_listing,AFRICAAM 291
221418,COMM 184,COMM,collapsed_cross_listing,AMSTUD 184
221418,COMM 284,COMM,collapsed_cross_listing,AMSTUD 184
221418,CSRE 185,CSRE,collapsed_cross_listing,AMSTUD 184
221418,CSRE 286,CSRE,collapsed_cross_listing,AMSTUD 184
221421,MUSIC 255A,MUSIC,collapsed_cross_listing,MUSIC 155A
221442,OCEANS 119CI,OCEANS,collapsed_cross_listing,ENGLISH 9CI
221444,ARTHIST 242A,ARTHIST,collapsed_cross_listing,ARTHIST 442
221445,FILMEDIA 481,FILMEDIA,collapsed_cross_listing,FILMEDIA 281
221446,FILMEDIA 120,FILMEDIA,collapsed_cross_listing,AMSTUD 120B
221446,FILMEDIA 320,FILMEDIA,collapsed_cross_listing,AMSTUD 120B
221446,ARTHIST 120,ARTHIST,collapsed_cross_listing,AMSTUD 120B
221446,ARTHIST 320,ARTHIST,collapsed_cross_listing,AMSTUD 120B
221461,SOC 326,SOC,collapsed_cross_listing,POLISCI 426
221462,POLISCI 134,POLISCI,collapsed_cross_listing,CSRE 151
221462,ETHICSOC 134,ETHICSOC,collapsed_cross_listing,CSRE 151
221472,GENE 222,GENE,collapsed_cross_listing,BMDS 222
221472,CS 273C,CS,collapsed_cross_listing,BMDS 222
221478,MED 253,MED,collapsed_cross_listing,CS 342
221479,ANTHRO 257,ANTHRO,collapsed_cross_listing,ANTHRO 157
221487,URBANST 83N,URBANST,collapsed_cross_listing,ENGLISH 83N
221492,ENGLISH 155,ENGLISH,collapsed_cross_listing,COMPLIT 156
221492,GLOBAL 120,GLOBAL,collapsed_cross_listing,COMPLIT 156
221494,HUMBIO 178A,HUMBIO,collapsed_cross_listing,ENGLISH 108A
221500,CLASSICS 59,CLASSICS,collapsed_cross_listing,ARCHLGY 59
221507,COMPLIT 238E,COMPLIT,collapsed_cross_listing,COMPLIT 118
221507,ENGLISH 138E,ENGLISH,collapsed_cross_listing,COMPLIT 118
221507,ENGLISH 238E,ENGLISH,collapsed_cross_listing,COMPLIT 118
221509,EASTASN 277,EASTASN,collapsed_cross_listing,EASTASN 177
221510,LINGUIST 287,LINGUIST,collapsed_cross_listing,CS 384
221517,FILMEDIA 424,FILMEDIA,collapsed_cross_listing,FILMEDIA 224
221523,ECON 284,ECON,collapsed_cross_listing,CS 360
221529,SYMSYS 195A,SYMSYS,collapsed_cross_listing,CS 247A
221530,SYMSYS 195G,SYMSYS,collapsed_cross_listing,CS 247G
221532,SYMSYS 195S,SYMSYS,collapsed_cross_listing,CS 247S
221536,AA 274B,AA,collapsed_cross_listing,AA 174B
221536,CS 237B,CS,collapsed_cross_listing,AA 174B
221536,EE 260B,EE,collapsed_cross_listing,AA 174B
221536,ME 274B,ME,collapsed_cross_listing,AA 174B
221540,POLISCI 447T,POLISCI,collapsed_cross_listing,FEMGEN 247T
221540,POLISCI 247T,POLISCI,collapsed_cross_listing,FEMGEN 247T
221542,HISTORY 325E,HISTORY,collapsed_cross_listing,HISTORY 225E
221542,REES 225E,REES,collapsed_cross_listing,HISTORY 225E
221545,HISTORY 264,HISTORY,collapsed_cross_listing,AMSTUD 264
221545,HISTORY 364,HISTORY,collapsed_cross_listing,AMSTUD 264
221545,CSRE 264,CSRE,collapsed_cross_listing,AMSTUD 264
221552,JAPAN 317A,JAPAN,collapsed_cross_listing,JAPAN 217A
221552,RELIGST 217A,RELIGST,collapsed_cross_listing,JAPAN 217A
221552,RELIGST 317A,RELIGST,collapsed_cross_listing,JAPAN 217A
221556,FEMGEN 187C,FEMGEN,collapsed_cross_listing,ENGLISH 187C
221568,PHIL 3N,PHIL,collapsed_cross_listing,CS 57N
221572,COMPLIT 179,COMPLIT,collapsed_cross_listing,COMPLIT 249
221574,JAPAN 123,JAPAN,collapsed_cross_listing,COMPLIT 228
221574,JAPAN 223,JAPAN,collapsed_cross_listing,COMPLIT 228
221575,CSRE 153C,CSRE,collapsed_cross_listing,ANTHRO 153
221575,CHILATST 153C,CHILATST,collapsed_cross_listing,ANTHRO 153
221584,MATSCI 385,MATSCI,collapsed_cross_listing,BIOE 385
221585,ESS 102,ESS,collapsed_cross_listing,ESS 202
221588,EPS 164,EPS,collapsed_cross_listing,EPS 264
221591,PSYC 244,PSYC,collapsed_cross_listing,CSRE 144A
221591,PSYC 144,PSYC,collapsed_cross_listing,CSRE 144A
221591,PSYCH 141,PSYCH,collapsed_cross_listing,CSRE 144A
221592,TAPS 11,TAPS,collapsed_cross_listing,CSRE 11
221592,DANCE 11,DANCE,collapsed_cross_listing,CSRE 11
221592,FEMGEN 11,FEMGEN,collapsed_cross_listing,CSRE 11
221595,APPPHYS 389,APPPHYS,collapsed_cross_listing,APPPHYS 189
221595,ARCHLGY 189,ARCHLGY,collapsed_cross_listing,APPPHYS 189
221597,SOC 189,SOC,collapsed_cross_listing,CSRE 289
221597,SOC 289,SOC,collapsed_cross_listing,CSRE 289
221599,CS 271,CS,collapsed_cross_listing,BMDS 270
221610,GEOPHYS 228,GEOPHYS,collapsed_cross_listing,GEOPHYS 128
221611,ESS 227,ESS,collapsed_cross_listing,EARTHSYS 227
221616,EARTHSYS 216A,EARTHSYS,collapsed_cross_listing,EARTHSYS 116A
221616,PUBLPOL 116,PUBLPOL,collapsed_cross_listing,EARTHSYS 116A
221616,PUBLPOL 216,PUBLPOL,collapsed_cross_listing,EARTHSYS 116A
221617,HISTORY 200K,HISTORY,collapsed_cross_listing,ENGLISH 224
221618,HISTORY 200L,HISTORY,collapsed_cross_listing,CSRE 201L
221622,RELIGST 4,RELIGST,collapsed_cross_listing,CLASSICS 9N
221622,JEWISHST 4,JEWISHST,collapsed_cross_listing,CLASSICS 9N
221622,HISTORY 112C,HISTORY,collapsed_cross_listing,CLASSICS 9N
221630,CS 152,CS,collapsed_cross_listing,COMM 122
221630,INTLPOL 267,INTLPOL,collapsed_cross_listing,COMM 122
221638,SOC 179A,SOC,collapsed_cross_listing,AFRICAAM 179A
221638,SOC 279A,SOC,collapsed_cross_listing,AFRICAAM 179A
221638,CSRE 179A,CSRE,collapsed_cross_listing,AFRICAAM 179A
221638,AMSTUD 179A,AMSTUD,collapsed_cross_listing,AFRICAAM 179A
221643,ASNAMST 100,ASNAMST,collapsed_cross_listing,AMSTUD 100
221644,HISTORY 326D,HISTORY,collapsed_cross_listing,HISTORY 226D
221644,JEWISHST 226E,JEWISHST,collapsed_cross_listing,HISTORY 226D
221644,JEWISHST 326D,JEWISHST,collapsed_cross_listing,HISTORY 226D
221647,STEMREM 223,STEMREM,collapsed_cross_listing,IMMUNOL 223
221653,HISTORY 335D,HISTORY,collapsed_cross_listing,HISTORY 235D
221653,ITALIAN 233,ITALIAN,collapsed_cross_listing,HISTORY 235D
221653,ITALIAN 333,ITALIAN,collapsed_cross_listing,HISTORY 235D
221653,RELIGST 235X,RELIGST,collapsed_cross_listing,HISTORY 235D
221657,GERMAN 125,GERMAN,collapsed_cross_listing,GERMAN 325
221657,TAPS 152L,TAPS,collapsed_cross_listing,GERMAN 325
221657,TAPS 325,TAPS,collapsed_cross_listing,GERMAN 325
221659,EMED 134,EMED,collapsed_cross_listing,EMED 234
221664,HISTORY 274C,HISTORY,collapsed_cross_listing,AMSTUD 274C
221664,HISTORY 374C,HISTORY,collapsed_cross_listing,AMSTUD 274C
221664,CHILATST 274,CHILATST,collapsed_cross_listing,AMSTUD 274C
221687,MUSIC 39B,MUSIC,collapsed_cross_listing,HUMBIO 179B
221688,RELIGST 156X,RELIGST,collapsed_cross_listing,MUSIC 186E
221695,BIO 255,BIO,collapsed_cross_listing,BIO 155
221702,GLOBAL 234,GLOBAL,collapsed_cross_listing,GLOBAL 134
221702,HISTORY 280B,HISTORY,collapsed_cross_listing,GLOBAL 134
221702,HISTORY 380B,HISTORY,collapsed_cross_listing,GLOBAL 134
221703,GLOBAL 233,GLOBAL,collapsed_cross_listing,GLOBAL 133
221703,HISTORY 283C,HISTORY,collapsed_cross_listing,GLOBAL 133
221703,HISTORY 383C,HISTORY,collapsed_cross_listing,GLOBAL 133
221717,HISTORY 261E,HISTORY,collapsed_cross_listing,AMSTUD 261W
221717,ASNAMST 261,ASNAMST,collapsed_cross_listing,AMSTUD 261W
221728,PWR 194NCR,PWR,collapsed_cross_listing,CSRE 194NCR
221742,OCEANS 306,OCEANS,collapsed_cross_listing,CEE 262H
221748,FRENCH 264E,FRENCH,collapsed_cross_listing,AFRICAAM 264
221748,COMPLIT 264,COMPLIT,collapsed_cross_listing,AFRICAAM 264
221748,CSRE 165A,CSRE,collapsed_cross_listing,AFRICAAM 264
221748,HISTORY 246E,HISTORY,collapsed_cross_listing,AFRICAAM 264
221750,ARCHLGY 137,ARCHLGY,collapsed_cross_listing,ANTHRO 137D
221750,ARCHLGY 237,ARCHLGY,collapsed_cross_listing,ANTHRO 137D
221750,REES 237C,REES,collapsed_cross_listing,ANTHRO 137D
221750,DLCL 237,DLCL,collapsed_cross_listing,ANTHRO 137D
221750,HISTORY 229C,HISTORY,collapsed_cross_listing,ANTHRO 137D
221750,HISTORY 329C,HISTORY,collapsed_cross_listing,ANTHRO 137D
221766,RELIGST 147,RELIGST,collapsed_cross_listing,CEE 147
221766,CLASSICS 147R,CLASSICS,collapsed_cross_listing,CEE 147
221767,RELIGST 333,RELIGST,collapsed_cross_listing,JEWISHST 333
221767,RELIGST 233,RELIGST,collapsed_cross_listing,JEWISHST 333
221770,ARTHIST 418A,ARTHIST,collapsed_cross_listing,ARTHIST 218A
221770,ITALIAN 337,ITALIAN,collapsed_cross_listing,ARTHIST 218A
221770,ITALIAN 237,ITALIAN,collapsed_cross_listing,ARTHIST 218A
221770,HISTORY 237B,HISTORY,collapsed_cross_listing,ARTHIST 218A
221770,HISTORY 337B,HISTORY,collapsed_cross_listing,ARTHIST 218A
221787,RELIGST 334,RELIGST,collapsed_cross_listing,RELIGST 234
221788,PSYCH 172,PSYCH,collapsed_cross_listing,PSYCH 271
221806,PHIL 232,PHIL,collapsed_cross_listing,PHIL 132
221817,POLISCI 427C,POLISCI,collapsed_cross_listing,POLISCI 227C
221829,PHIL 175W,PHIL,collapsed_cross_listing,CSRE 175W
221829,PHIL 275W,PHIL,collapsed_cross_listing,CSRE 175W
221829,ETHICSOC 175W,ETHICSOC,collapsed_cross_listing,CSRE 175W
221829,POLISCI 137,POLISCI,collapsed_cross_listing,CSRE 175W
221829,POLISCI 337,POLISCI,collapsed_cross_listing,CSRE 175W
221913,CHEMENG 277,CHEMENG,collapsed_cross_listing,CHEMENG 177
221913,MATSCI 166,MATSCI,collapsed_cross_listing,CHEMENG 177
221913,MATSCI 176,MATSCI,collapsed_cross_listing,CHEMENG 177
221924,PHIL 378B,PHIL,collapsed_cross_listing,ETHICSOC 378B
221924,POLISCI 338B,POLISCI,collapsed_cross_listing,ETHICSOC 378B
221927,MS&E 336,MS&E,collapsed_cross_listing,CS 366
221929,FEMGEN 307D,FEMGEN,collapsed_cross_listing,FEMGEN 207D
221929,HISTORY 207D,HISTORY,collapsed_cross_listing,FEMGEN 207D
221929,HISTORY 307D,HISTORY,collapsed_cross_listing,FEMGEN 207D
221977,REES 231B,REES,collapsed_cross_listing,INTLPOL 231B
221977,POLISCI 113,POLISCI,collapsed_cross_listing,INTLPOL 231B
221977,INTNLREL 131,INTNLREL,collapsed_cross_listing,INTLPOL 231B
221986,JAPAN 293,JAPAN,collapsed_cross_listing,JAPAN 193
221987,ARTHIST 430B,ARTHIST,collapsed_cross_listing,ARTHIST 230B
221987,CHINA 230,CHINA,collapsed_cross_listing,ARTHIST 230B
221987,CHINA 430,CHINA,collapsed_cross_listing,ARTHIST 230B
221988,JAPAN 125,JAPAN,collapsed_cross_listing,COMPLIT 125J
221988,JAPAN 225,JAPAN,collapsed_cross_listing,COMPLIT 125J
221997,URBANST 108H,URBANST,collapsed_cross_listing,PUBLPOL 108H
222034,SOMGEN 160B,SOMGEN,collapsed_cross_listing,FEMGEN 160B
222044,ANTHRO 229C,ANTHRO,collapsed_cross_listing,ANTHRO 129C
222044,ARCHLGY 129C,ARCHLGY,collapsed_cross_listing,ANTHRO 129C
222044,OCEANS 129C,OCEANS,collapsed_cross_listing,ANTHRO 129C
222044,OCEANS 229C,OCEANS,collapsed_cross_listing,ANTHRO 129C
222044,EBS 129,EBS,collapsed_cross_listing,ANTHRO 129C
222044,EBS 229,EBS,collapsed_cross_listing,ANTHRO 129C
222044,ARCHLGY 229C,ARCHLGY,collapsed_cross_listing,ANTHRO 129C
222056,BIOS 294,BIOS,collapsed_cross_listing,BIOC 294
222073,PEDS 229,PEDS,collapsed_cross_listing,HUMBIO 122E
222085,EDUC 392,EDUC,collapsed_cross_listing,CSRE 292
222086,EDUC 428,EDUC,collapsed_cross_listing,AFRICAAM 428
222086,FEMGEN 428,FEMGEN,collapsed_cross_listing,AFRICAAM 428
222092,DLCL 305,DLCL,collapsed_cross_listing,DLCL 205
222105,ENERGY 263,ENERGY,collapsed_cross_listing,CEE 263H
222124,SYMSYS 202,SYMSYS,collapsed_cross_listing,PHIL 182J
222136,NATIVEAM 162,NATIVEAM,collapsed_cross_listing,EARTHSYS 163
222174,FEMGEN 42,FEMGEN,collapsed_cross_listing,AFRICAAM 42
222186,PSYCH 224,PSYCH,collapsed_cross_listing,NEPR 224
222189,POLISCI 445C,POLISCI,collapsed_cross_listing,POLISCI 245C
222192,MED 131,MED,collapsed_cross_listing,INTNLREL 132
222192,SUSTAIN 132,SUSTAIN,collapsed_cross_listing,INTNLREL 132
222192,POLISCI 119,POLISCI,collapsed_cross_listing,INTNLREL 132
222229,CEE 265H,CEE,collapsed_cross_listing,CEE 165H
222235,HISTORY 334R,HISTORY,collapsed_cross_listing,HISTORY 234R
222241,PUBLPOL 170,PUBLPOL,collapsed_cross_listing,CS 184
222244,HUMBIO 154D,HUMBIO,collapsed_cross_listing,HRP 204
222261,SOC 238,SOC,collapsed_cross_listing,EDUC 238
222282,SYMSYS 205,SYMSYS,collapsed_cross_listing,PHIL 185J
222288,CEE 214,CEE,collapsed_cross_listing,CEE 114
222288,PSYC 114,PSYC,collapsed_cross_listing,CEE 114
222288,MED 114,MED,collapsed_cross_listing,CEE 114
222288,MED 214,MED,collapsed_cross_listing,CEE 114
222299,PSYCH 240A,PSYCH,collapsed_cross_listing,EDUC 234
222307,ARTHIST 417,ARTHIST,collapsed_cross_listing,ARTHIST 217
222314,ARTHIST 426,ARTHIST,collapsed_cross_listing,ARTHIST 226
222314,EASTASN 326A,EASTASN,collapsed_cross_listing,ARTHIST 226
222314,CHINA 226,CHINA,collapsed_cross_listing,ARTHIST 226
222314,CHINA 426,CHINA,collapsed_cross_listing,ARTHIST 226
222315,ARTHIST 293B,ARTHIST,collapsed_cross_listing,ARTHIST 493
222315,CSRE 393,CSRE,collapsed_cross_listing,ARTHIST 493
222326,ARTHIST 456,ARTHIST,collapsed_cross_listing,ARTHIST 256
222331,EPS 220,EPS,collapsed_cross_listing,EPS 120
222331,GEOPHYS 119,GEOPHYS,collapsed_cross_listing,EPS 120
222331,GEOPHYS 219,GEOPHYS,collapsed_cross_listing,EPS 120
222334,HISTORY 51B,HISTORY,collapsed_cross_listing,HISTORY 151B
222343,CSRE 394,CSRE,collapsed_cross_listing,ARTHIST 494
222355,ESS 264,ESS,collapsed_cross_listing,CEE 265I
222382,CEE 277Q,CEE,collapsed_cross_listing,CEE 177Q
222386,ENGLISH 106A,ENGLISH,collapsed_cross_listing,AMSTUD 106B
222386,CSRE 106A,CSRE,collapsed_cross_listing,AMSTUD 106B
222386,ARTHIST 168A,ARTHIST,collapsed_cross_listing,AMSTUD 106B
222386,SYMSYS 168A,SYMSYS,collapsed_cross_listing,AMSTUD 106B
222391,ENGLISH 177B,ENGLISH,collapsed_cross_listing,AMSTUD 177B
222405,ENGLISH 372D,ENGLISH,collapsed_cross_listing,CSRE 301
222434,STATS 375,STATS,collapsed_cross_listing,MATH 276
222446,STATS 214,STATS,collapsed_cross_listing,CS 229M
222447,POLISCI 348D,POLISCI,collapsed_cross_listing,POLISCI 248D
222468,SYMSYS 195B,SYMSYS,collapsed_cross_listing,CS 247B
222470,EPS 124,EPS,collapsed_cross_listing,AA 124
222470,GEOPHYS 124,GEOPHYS,collapsed_cross_listing,AA 124
222470,ESS 125,ESS,collapsed_cross_listing,AA 124
222471,EPS 219,EPS,collapsed_cross_listing,EPS 119
222471,GEOPHYS 109,GEOPHYS,collapsed_cross_listing,EPS 119
222471,GEOPHYS 209,GEOPHYS,collapsed_cross_listing,EPS 119
222478,FEMGEN 312G,FEMGEN,collapsed_cross_listing,ENGLISH 318A
222479,EPS 227,EPS,collapsed_cross_listing,EPS 127
222479,GEOPHYS 126,GEOPHYS,collapsed_cross_listing,EPS 127
222479,GEOPHYS 226,GEOPHYS,collapsed_cross_listing,EPS 127
222482,CEE 254,CEE,collapsed_cross_listing,CEE 154
222485,EDUC 439,EDUC,collapsed_cross_listing,CSRE 439
222487,ARTHIST 465A,ARTHIST,collapsed_cross_listing,ARTHIST 265A
222487,ITALIAN 265,ITALIAN,collapsed_cross_listing,ARTHIST 265A
222487,ITALIAN 365,ITALIAN,collapsed_cross_listing,ARTHIST 265A
222487,COMPLIT 225,COMPLIT,collapsed_cross_listing,ARTHIST 265A
222488,FRENCH 329,FRENCH,collapsed_cross_listing,CSRE 329
222499,ITALIAN 240,ITALIAN,collapsed_cross_listing,ARTHIST 210
222499,ITALIAN 140,ITALIAN,collapsed_cross_listing,ARTHIST 210
222499,HISTORY 240C,HISTORY,collapsed_cross_listing,ARTHIST 210
222512,POLISCI 151,POLISCI,collapsed_cross_listing,ECON 151
222514,SOC 4,SOC,collapsed_cross_listing,AMSTUD 4
222514,CSRE 4,CSRE,collapsed_cross_listing,AMSTUD 4
222534,EDUC 440,EDUC,collapsed_cross_listing,CSRE 340
222534,PEDS 240,PEDS,collapsed_cross_listing,CSRE 340
222538,GLOBAL 102,GLOBAL,collapsed_cross_listing,GLOBAL 210
222538,HISTORY 349A,HISTORY,collapsed_cross_listing,GLOBAL 210
222538,HISTORY 249,HISTORY,collapsed_cross_listing,GLOBAL 210
222539,GLOBAL 190,GLOBAL,collapsed_cross_listing,GLOBAL 232
222539,HISTORY 318C,HISTORY,collapsed_cross_listing,GLOBAL 232
222539,HISTORY 218C,HISTORY,collapsed_cross_listing,GLOBAL 232
222546,SOC 346A,SOC,collapsed_cross_listing,SOC 246A
222561,PSYCH 289,PSYCH,collapsed_cross_listing,COMM 365
222572,ENERGY 308,ENERGY,collapsed_cross_listing,EARTHSYS 308
222572,ESS 308,ESS,collapsed_cross_listing,EARTHSYS 308
222572,ENVRES 295,ENVRES,collapsed_cross_listing,EARTHSYS 308
222572,ME 308,ME,collapsed_cross_listing,EARTHSYS 308
222579,EPS 2,EPS,collapsed_cross_listing,EARTHSYS 2
222581,GERMAN 235,GERMAN,collapsed_cross_listing,GERMAN 135
222583,CSRE 19N,CSRE,collapsed_cross_listing,CHILATST 19N
222583,SOC 19N,SOC,collapsed_cross_listing,CHILATST 19N
222591,BIO 220,BIO,collapsed_cross_listing,BIO 120
222596,PSYC 150N,PSYC,collapsed_cross_listing,GLOBAL 150N
222613,MUSIC 300J,MUSIC,collapsed_cross_listing,FEMGEN 300J
222616,CSRE 363,CSRE,collapsed_cross_listing,CLASSICS 363
222617,GEOPHYS 30N,GEOPHYS,collapsed_cross_listing,EPS 30N
222628,COMPLIT 107A,COMPLIT,collapsed_cross_listing,CLASSICS 47
222628,HUMCORE 121,HUMCORE,collapsed_cross_listing,CLASSICS 47
222631,HUMCORE 131,HUMCORE,collapsed_cross_listing,COMPLIT 43
222632,CME 209,CME,collapsed_cross_listing,BIOE 209
222637,SYMSYS 195T,SYMSYS,collapsed_cross_listing,PSYCH 290
222637,SOC 281,SOC,collapsed_cross_listing,PSYCH 290
222643,EDUC 157,EDUC,collapsed_cross_listing,CSRE 157B
222647,BIO 287,BIO,collapsed_cross_listing,BIO 187
222647,CME 187,CME,collapsed_cross_listing,BIO 187
222649,STATS 220,STATS,collapsed_cross_listing,CS 339N
222649,STATS 320,STATS,collapsed_cross_listing,CS 339N
222649,NBIO 220,NBIO,collapsed_cross_listing,CS 339N
222655,CLASSICS 45,CLASSICS,collapsed_cross_listing,AFRICAAM 46S
222655,HUMCORE 117,HUMCORE,collapsed_cross_listing,AFRICAAM 46S
222672,ESS 233,ESS,collapsed_cross_listing,EARTHSYS 233
222680,FEMGEN 150N,FEMGEN,collapsed_cross_listing,ARTSTUDI 150N
222686,BIO 236,BIO,collapsed_cross_listing,BIO 136
222686,EPS 136,EPS,collapsed_cross_listing,BIO 136
222686,EPS 236,EPS,collapsed_cross_listing,BIO 136
222700,HUMRTS 194A,HUMRTS,collapsed_cross_listing,EARTHSYS 194A
222700,URBANST 155A,URBANST,collapsed_cross_listing,EARTHSYS 194A
222712,EPS 6,EPS,collapsed_cross_listing,EARTHSYS 100A
222715,ARTHIST 274A,ARTHIST,collapsed_cross_listing,ARTHIST 474A
222718,ENGLISH 169D,ENGLISH,collapsed_cross_listing,ASNAMST 169D
222721,HISTORY 260P,HISTORY,collapsed_cross_listing,AMSTUD 260P
222721,FEMGEN 260P,FEMGEN,collapsed_cross_listing,AMSTUD 260P
222722,HISTORY 360P,HISTORY,collapsed_cross_listing,FEMGEN 360P
222745,FEMGEN 24Q,FEMGEN,collapsed_cross_listing,ENGLISH 24Q
222760,HUMCORE 122,HUMCORE,collapsed_cross_listing,ENGLISH 112C
222762,MS&E 296,MS&E,collapsed_cross_listing,INTLPOL 340
222768,EPS 261,EPS,collapsed_cross_listing,EPS 161
222771,SOC 103,SOC,collapsed_cross_listing,MED 103
222771,SUSTAIN 103,SUSTAIN,collapsed_cross_listing,MED 103
222771,PUBLPOL 183,PUBLPOL,collapsed_cross_listing,MED 103
222772,HISTORY 253P,HISTORY,collapsed_cross_listing,ASNAMST 153P
222772,GLOBAL 253P,GLOBAL,collapsed_cross_listing,ASNAMST 153P
222793,ILAC 214,ILAC,collapsed_cross_listing,ARTHIST 277
222793,HISTORY 272,HISTORY,collapsed_cross_listing,ARTHIST 277
222793,ILAC 314,ILAC,collapsed_cross_listing,ARTHIST 277
222793,HISTORY 372B,HISTORY,collapsed_cross_listing,ARTHIST 277
222794,ME 362C,ME,collapsed_cross_listing,AA 205
222810,CSRE 35N,CSRE,collapsed_cross_listing,AFRICAAM 134
222810,MUSIC 35N,MUSIC,collapsed_cross_listing,AFRICAAM 134
222831,ILAC 249,ILAC,collapsed_cross_listing,ILAC 355
222846,ILAC 128,ILAC,collapsed_cross_listing,CHILATST 128
222849,HUMCORE 113,HUMCORE,collapsed_cross_listing,CHINA 163A
222850,JAPAN 163A,JAPAN,collapsed_cross_listing,HUMCORE 123
222854,GENE 230,GENE,collapsed_cross_listing,EPI 224
222858,SYMSYS 295D,SYMSYS,collapsed_cross_listing,SYMSYS 195D
222862,HUMRTS 196,HUMRTS,collapsed_cross_listing,EARTHSYS 196A
222868,EDUC 234A,EDUC,collapsed_cross_listing,CS 422
222879,HISTORY 39Q,HISTORY,collapsed_cross_listing,ENGLISH 39Q
222887,GERMAN 206,GERMAN,collapsed_cross_listing,GERMAN 106
222889,EASTASN 268,EASTASN,collapsed_cross_listing,EASTASN 168
222896,STEMREM 205,STEMREM,collapsed_cross_listing,BMDS 205
222907,CEE 330,CEE,collapsed_cross_listing,AFRICAAM 131
222907,CEE 130R,CEE,collapsed_cross_listing,AFRICAAM 131
222911,EALC 279,EALC,collapsed_cross_listing,EALC 179
222911,EASTASN 179,EASTASN,collapsed_cross_listing,EALC 179
222911,EASTASN 279,EASTASN,collapsed_cross_listing,EALC 179
222926,ME 347,ME,collapsed_cross_listing,GEOPHYS 238
222930,ESS 171,ESS,collapsed_cross_listing,ESS 271
222933,RELIGST 250,RELIGST,collapsed_cross_listing,RELIGST 350
222934,NATIVEAM 120,NATIVEAM,collapsed_cross_listing,FEMGEN 120
222935,ILAC 122A,ILAC,collapsed_cross_listing,COMPLIT 122A
222937,PHIL 234A,PHIL,collapsed_cross_listing,PHIL 134A
222941,TAPS 153P,TAPS,collapsed_cross_listing,AFRICAAM 153P
222941,TAPS 353P,TAPS,collapsed_cross_listing,AFRICAAM 153P
222941,CSRE 153P,CSRE,collapsed_cross_listing,AFRICAAM 153P
222941,ARTSINST 153P,ARTSINST,collapsed_cross_listing,AFRICAAM 153P
222950,PSYCH 253,PSYCH,collapsed_cross_listing,COMM 369
222959,PSYCH 131A,PSYCH,collapsed_cross_listing,PSYC 230
222978,TAPS 264S,TAPS,collapsed_cross_listing,COMPLIT 264S
222978,CSRE 264S,CSRE,collapsed_cross_listing,COMPLIT 264S
222978,FEMGEN 264S,FEMGEN,collapsed_cross_listing,COMPLIT 264S
223048,ANTHRO 203,ANTHRO,collapsed_cross_listing,ANTHRO 103
223048,ARCHLGY 106,ARCHLGY,collapsed_cross_listing,ANTHRO 103
223060,SOC 302A,SOC,collapsed_cross_listing,EDUC 423A
223061,SOC 302B,SOC,collapsed_cross_listing,EDUC 423B
223096,NATIVEAM 100,NATIVEAM,collapsed_cross_listing,AMSTUD 100A
223097,SOC 321,SOC,collapsed_cross_listing,EDUC 321
223097,PUBLPOL 321,PUBLPOL,collapsed_cross_listing,EDUC 321
223105,STATS 352,STATS,collapsed_cross_listing,BMDS 254
223107,PUBLPOL 75,PUBLPOL,collapsed_cross_listing,POLISCI 74
223119,BIO 243H,BIO,collapsed_cross_listing,BIO 143H
223119,OCEANS 143H,OCEANS,collapsed_cross_listing,BIO 143H
223119,CEE 164H,CEE,collapsed_cross_listing,BIO 143H
223119,CEE 264H,CEE,collapsed_cross_listing,BIO 143H
223119,EARTHSYS 143H,EARTHSYS,collapsed_cross_listing,BIO 143H
223119,EARTHSYS 243H,EARTHSYS,collapsed_cross_listing,BIO 143H
223119,OCEANS 243H,OCEANS,collapsed_cross_listing,BIO 143H
223121,CEE 330B,CEE,collapsed_cross_listing,CEE 130B
223121,EARTHSYS 130B,EARTHSYS,collapsed_cross_listing,CEE 130B
223121,EARTHSYS 330B,EARTHSYS,collapsed_cross_listing,CEE 130B
223162,TAPS 342,TAPS,collapsed_cross_listing,ARTHIST 444
223166,NEPR 464,NEPR,collapsed_cross_listing,EDUC 464
223166,SYMSYS 195M,SYMSYS,collapsed_cross_listing,EDUC 464
223166,PSYCH 279,PSYCH,collapsed_cross_listing,EDUC 464
223172,EDUC 372,EDUC,collapsed_cross_listing,AFRICAAM 272
223172,CSRE 372,CSRE,collapsed_cross_listing,AFRICAAM 272
223172,PSYCH 261,PSYCH,collapsed_cross_listing,AFRICAAM 272
223176,EDUC 233,EDUC,collapsed_cross_listing,CHPR 233
223178,URBANST 190A,URBANST,collapsed_cross_listing,CSRE 190A
223178,SOC 190A,SOC,collapsed_cross_listing,CSRE 190A
223178,ENGLISH 180,ENGLISH,collapsed_cross_listing,CSRE 190A
223178,POLISCI 74B,POLISCI,collapsed_cross_listing,CSRE 190A
223178,PUBLPOL 75B,PUBLPOL,collapsed_cross_listing,CSRE 190A
223178,SYMSYS 193,SYMSYS,collapsed_cross_listing,CSRE 190A
223178,INTNLREL 74,INTNLREL,collapsed_cross_listing,CSRE 190A
223178,PSYCH 190A,PSYCH,collapsed_cross_listing,CSRE 190A
223190,SLAVIC 322,SLAVIC,collapsed_cross_listing,FILMEDIA 422
223191,ARTHIST 460,ARTHIST,collapsed_cross_listing,FILMEDIA 460
223191,TAPS 460,TAPS,collapsed_cross_listing,FILMEDIA 460
223192,FILMEDIA 353,FILMEDIA,collapsed_cross_listing,FILMEDIA 153
223193,ARTHIST 293,ARTHIST,collapsed_cross_listing,AFRICAAM 193
223193,CSRE 293,CSRE,collapsed_cross_listing,AFRICAAM 193
223193,CHILATST 293,CHILATST,collapsed_cross_listing,AFRICAAM 193
223193,AMSTUD 293A,AMSTUD,collapsed_cross_listing,AFRICAAM 193
223199,EPI 220,EPI,collapsed_cross_listing,BMDS 223
223199,CSRE 323,CSRE,collapsed_cross_listing,BMDS 223
223210,AFRICAAM 215A,AFRICAAM,collapsed_cross_listing,AFRICAAM 115
223228,EDUC 463,EDUC,collapsed_cross_listing,CS 432
223235,EARTHSYS 209,EARTHSYS,collapsed_cross_listing,EARTHSYS 109
223235,ESS 103,ESS,collapsed_cross_listing,EARTHSYS 109
223235,ESS 203,ESS,collapsed_cross_listing,EARTHSYS 109
223235,ETHICSOC 107,ETHICSOC,collapsed_cross_listing,EARTHSYS 109
223236,ARTHIST 407E,ARTHIST,collapsed_cross_listing,ARTHIST 207E
223237,ARTHIST 407B,ARTHIST,collapsed_cross_listing,ARTHIST 207B
223239,POLISCI 312,POLISCI,collapsed_cross_listing,INTLPOL 211
223239,REES 219,REES,collapsed_cross_listing,INTLPOL 211
223245,EARTHSYS 282B,EARTHSYS,collapsed_cross_listing,EARTHSYS 182B
223248,GENE 125,GENE,collapsed_cross_listing,GENE 225
223258,ARTHIST 450A,ARTHIST,collapsed_cross_listing,ARTHIST 250A
223259,ARTHIST 460A,ARTHIST,collapsed_cross_listing,ARTHIST 260A
223260,ARTHIST 160,ARTHIST,collapsed_cross_listing,AMSTUD 167
223260,CSRE 160,CSRE,collapsed_cross_listing,AMSTUD 167
223260,FEMGEN 167,FEMGEN,collapsed_cross_listing,AMSTUD 167
223261,ARTHIST 246,ARTHIST,collapsed_cross_listing,ARTHIST 446
223273,POLISCI 35,POLISCI,collapsed_cross_listing,BIO 35
223273,HISTORY 35,HISTORY,collapsed_cross_listing,BIO 35
223273,RELIGST 53X,RELIGST,collapsed_cross_listing,BIO 35
223289,PSYCH 225,PSYCH,collapsed_cross_listing,CS 322
223296,HISTORY 271B,HISTORY,collapsed_cross_listing,AMSTUD 271B
223296,CHILATST 271B,CHILATST,collapsed_cross_listing,AMSTUD 271B
223327,SOC 287,SOC,collapsed_cross_listing,SOC 187
223328,PHIL 214,PHIL,collapsed_cross_listing,PHIL 114
223329,ARTHIST 405,ARTHIST,collapsed_cross_listing,ARTHIST 205
223329,MUSIC 205,MUSIC,collapsed_cross_listing,ARTHIST 205
223329,MUSIC 405,MUSIC,collapsed_cross_listing,ARTHIST 205
223329,CLASSICS 113,CLASSICS,collapsed_cross_listing,ARTHIST 205
223329,CLASSICS 313,CLASSICS,collapsed_cross_listing,ARTHIST 205
223330,ARTHIST 408A,ARTHIST,collapsed_cross_listing,ARTHIST 208A
223330,CLASSICS 119,CLASSICS,collapsed_cross_listing,ARTHIST 208A
223330,CLASSICS 319,CLASSICS,collapsed_cross_listing,ARTHIST 208A
223331,ARTHIST 412,ARTHIST,collapsed_cross_listing,ARTHIST 212
223331,ILAC 212A,ILAC,collapsed_cross_listing,ARTHIST 212
223331,ILAC 312A,ILAC,collapsed_cross_listing,ARTHIST 212
223331,COMPLIT 212A,COMPLIT,collapsed_cross_listing,ARTHIST 212
223331,COMPLIT 312A,COMPLIT,collapsed_cross_listing,ARTHIST 212
223333,SOC 122,SOC,collapsed_cross_listing,CSRE 122
223335,RELIGST 328,RELIGST,collapsed_cross_listing,RELIGST 228
223336,PHIL 287B,PHIL,collapsed_cross_listing,PHIL 187B
223337,JAPAN 226,JAPAN,collapsed_cross_listing,JAPAN 126
223338,HISTORY 197C,HISTORY,collapsed_cross_listing,ANTHRO 197C
223338,ASNAMST 197C,ASNAMST,collapsed_cross_listing,ANTHRO 197C
223339,HISTORY 97C,HISTORY,collapsed_cross_listing,ANTHRO 97C
223339,ASNAMST 97C,ASNAMST,collapsed_cross_listing,ANTHRO 97C
223349,SYMSYS 25,SYMSYS,collapsed_cross_listing,CS 25
223350,COMM 128,COMM,collapsed_cross_listing,AMSTUD 128B
223350,COMM 228,COMM,collapsed_cross_listing,AMSTUD 128B
223350,COMM 328,COMM,collapsed_cross_listing,AMSTUD 128B
223350,HISTORY 258A,HISTORY,collapsed_cross_listing,AMSTUD 128B
223350,HISTORY 358A,HISTORY,collapsed_cross_listing,AMSTUD 128B
223355,ARTSTUDI 280,ARTSTUDI,collapsed_cross_listing,ARTSTUDI 180
223360,ILAC 126,ILAC,collapsed_cross_listing,ARTHIST 293A
223368,FRENCH 391,FRENCH,collapsed_cross_listing,FRENCH 291
223370,COMPLIT 350B,COMPLIT,collapsed_cross_listing,COMPLIT 250B
223370,ITALIAN 250,ITALIAN,collapsed_cross_listing,COMPLIT 250B
223370,ITALIAN 350,ITALIAN,collapsed_cross_listing,COMPLIT 250B
223370,FRENCH 250,FRENCH,collapsed_cross_listing,COMPLIT 250B
223370,FRENCH 350,FRENCH,collapsed_cross_listing,COMPLIT 250B
223371,PWR 91HT,PWR,collapsed_cross_listing,CSRE 91B
223374,RELIGST 335,RELIGST,collapsed_cross_listing,RELIGST 235
223378,RELIGST 357,RELIGST,collapsed_cross_listing,RELIGST 257
223382,RELIGST 361,RELIGST,collapsed_cross_listing,RELIGST 261
223383,RELIGST 241,RELIGST,collapsed_cross_listing,AFRICAAM 242
223383,RELIGST 341,RELIGST,collapsed_cross_listing,AFRICAAM 242
223383,AMSTUD 241,AMSTUD,collapsed_cross_listing,AFRICAAM 242
223384,RELIGST 263,RELIGST,collapsed_cross_listing,AFRICAAM 263C
223384,RELIGST 363,RELIGST,collapsed_cross_listing,AFRICAAM 263C
223384,AMSTUD 263,AMSTUD,collapsed_cross_listing,AFRICAAM 263C
223391,GERMAN 287,GERMAN,collapsed_cross_listing,COMPLIT 287
223391,JEWISHST 287,JEWISHST,collapsed_cross_listing,COMPLIT 287
223392,SLAVIC 123,SLAVIC,collapsed_cross_listing,AMSTUD 123
223392,SLAVIC 323,SLAVIC,collapsed_cross_listing,AMSTUD 123
223392,REES 223,REES,collapsed_cross_listing,AMSTUD 123
223392,COMM 123,COMM,collapsed_cross_listing,AMSTUD 123
223393,SLAVIC 171,SLAVIC,collapsed_cross_listing,REES 322
223393,SLAVIC 371,SLAVIC,collapsed_cross_listing,REES 322
223402,ENGLISH 139C,ENGLISH,collapsed_cross_listing,AMSTUD 139C
223402,FEMGEN 139C,FEMGEN,collapsed_cross_listing,AMSTUD 139C
223402,CSRE 139C,CSRE,collapsed_cross_listing,AMSTUD 139C
223402,ASNAMST 139C,ASNAMST,collapsed_cross_listing,AMSTUD 139C
223402,CHILATST 139C,CHILATST,collapsed_cross_listing,AMSTUD 139C
223406,BIO 232S,BIO,collapsed_cross_listing,BIO 132S
223411,FEMGEN 53Q,FEMGEN,collapsed_cross_listing,ENGLISH 53Q
223412,ENGLISH 168B,ENGLISH,collapsed_cross_listing,ENGLISH 268A
223423,POLISCI 115,POLISCI,collapsed_cross_listing,INTNLREL 115
223423,PUBLPOL 114,PUBLPOL,collapsed_cross_listing,INTNLREL 115
223427,AFRICAAM 362E,AFRICAAM,collapsed_cross_listing,AFRICAAM 262
223443,URBANST 168,URBANST,collapsed_cross_listing,CSRE 168
223443,SOC 168A,SOC,collapsed_cross_listing,CSRE 168
223443,EARTHSYS 169,EARTHSYS,collapsed_cross_listing,CSRE 168
223445,URBANST 169B,URBANST,collapsed_cross_listing,AMSTUD 169B
223445,CSRE 260B,CSRE,collapsed_cross_listing,AMSTUD 169B
223445,SOC 169B,SOC,collapsed_cross_listing,AMSTUD 169B
223446,EDUC 442,EDUC,collapsed_cross_listing,AFRICAAM 442
223446,PEDS 242,PEDS,collapsed_cross_listing,AFRICAAM 442
223446,FEMGEN 442,FEMGEN,collapsed_cross_listing,AFRICAAM 442
223446,CSRE 343,CSRE,collapsed_cross_listing,AFRICAAM 442
223447,AFRICAAM 221C,AFRICAAM,collapsed_cross_listing,AFRICAAM 488
223447,EDUC 488,EDUC,collapsed_cross_listing,AFRICAAM 488
223447,LINGUIST 276E,LINGUIST,collapsed_cross_listing,AFRICAAM 488
223447,CSRE 388,CSRE,collapsed_cross_listing,AFRICAAM 488
223447,EDUC 221,EDUC,collapsed_cross_listing,AFRICAAM 488
223449,EDUC 144,EDUC,collapsed_cross_listing,AFRICAAM 244
223449,PEDS 246D,PEDS,collapsed_cross_listing,AFRICAAM 244
223449,CSRE 143,CSRE,collapsed_cross_listing,AFRICAAM 244
223454,CLASSICS 186,CLASSICS,collapsed_cross_listing,AFRICAAM 187
223454,CLASSICS 286,CLASSICS,collapsed_cross_listing,AFRICAAM 187
223454,ARCHLGY 166,ARCHLGY,collapsed_cross_listing,AFRICAAM 187
223454,CSRE 166,CSRE,collapsed_cross_listing,AFRICAAM 187
223455,MED 194,MED,collapsed_cross_listing,MED 294
223456,PSYCH 294,PSYCH,collapsed_cross_listing,COMM 367
223457,PSYCH 220A,PSYCH,collapsed_cross_listing,CS 428A
223458,PSYCH 220B,PSYCH,collapsed_cross_listing,CS 428B
223458,LINGUIST 238B,LINGUIST,collapsed_cross_listing,CS 428B
223460,EDUC 315A,EDUC,collapsed_cross_listing,CS 498C
223464,ENGR 55,ENGR,collapsed_cross_listing,CHEMENG 55
223468,CHEMENG 289,CHEMENG,collapsed_cross_listing,CHEMENG 189
223468,RAD 189,RAD,collapsed_cross_listing,CHEMENG 189
223468,RAD 289,RAD,collapsed_cross_listing,CHEMENG 189
223468,ENGR 289,ENGR,collapsed_cross_listing,CHEMENG 189
223472,ARTSTUDI 186,ARTSTUDI,collapsed_cross_listing,AFRICAAM 186
223479,FRENCH 324,FRENCH,collapsed_cross_listing,COMPLIT 324
223483,TAPS 139,TAPS,collapsed_cross_listing,CSRE 150
223483,HUMCORE 139,HUMCORE,collapsed_cross_listing,CSRE 150
223499,ESS 71,ESS,collapsed_cross_listing,BIO 71
223499,OCEANS 71,OCEANS,collapsed_cross_listing,BIO 71
223500,BIO 259,BIO,collapsed_cross_listing,BIO 139
223501,SOC 115,SOC,collapsed_cross_listing,HUMRTS 122
223501,SOC 215,SOC,collapsed_cross_listing,HUMRTS 122
223501,INTLPOL 282,INTLPOL,collapsed_cross_listing,HUMRTS 122
223501,INTNLREL 125,INTNLREL,collapsed_cross_listing,HUMRTS 122
223504,SLAVIC 332,SLAVIC,collapsed_cross_listing,COMPLIT 339
223504,SLAVIC 233,SLAVIC,collapsed_cross_listing,COMPLIT 339
223504,REES 233,REES,collapsed_cross_listing,COMPLIT 339
223516,HISTORY 396L,HISTORY,collapsed_cross_listing,ANTHRO 296F
223517,CHINA 290,CHINA,collapsed_cross_listing,CHINA 190
223521,POLISCI 431,POLISCI,collapsed_cross_listing,PHIL 370
223526,PSYCH 296,PSYCH,collapsed_cross_listing,PHIL 366
223527,CSRE 13N,CSRE,collapsed_cross_listing,CLASSICS 13N
223529,PHIL 282D,PHIL,collapsed_cross_listing,PHIL 182D
223530,PHIL 208C,PHIL,collapsed_cross_listing,PHIL 108C
223531,PHIL 281E,PHIL,collapsed_cross_listing,PHIL 181E
223534,COMPLIT 314A,COMPLIT,collapsed_cross_listing,COMPLIT 214
223534,ILAC 218,ILAC,collapsed_cross_listing,COMPLIT 214
223534,ILAC 318,ILAC,collapsed_cross_listing,COMPLIT 214
223536,EARTHSYS 280,EARTHSYS,collapsed_cross_listing,EARTHSYS 180
223537,ILAC 223,ILAC,collapsed_cross_listing,ILAC 323
223543,NATIVEAM 239,NATIVEAM,collapsed_cross_listing,CHPR 239
223544,COMPLIT 251A,COMPLIT,collapsed_cross_listing,COMPLIT 351A
223544,ILAC 351,ILAC,collapsed_cross_listing,COMPLIT 351A
223544,ILAC 251,ILAC,collapsed_cross_listing,COMPLIT 351A
223544,CSRE 351,CSRE,collapsed_cross_listing,COMPLIT 351A
223544,CSRE 251,CSRE,collapsed_cross_listing,COMPLIT 351A
223544,HISTORY 271C,HISTORY,collapsed_cross_listing,COMPLIT 351A
223544,HISTORY 371C,HISTORY,collapsed_cross_listing,COMPLIT 351A
223547,ILAC 194G,ILAC,collapsed_cross_listing,AFRICAAM 294
223547,CSRE 194,CSRE,collapsed_cross_listing,AFRICAAM 294
223548,COMPLIT 284A,COMPLIT,collapsed_cross_listing,COMPLIT 184A
223552,ASNAMST 132,ASNAMST,collapsed_cross_listing,CSRE 132
223552,CLASSICS 132,CLASSICS,collapsed_cross_listing,CSRE 132
223554,CLASSICS 233,CLASSICS,collapsed_cross_listing,CLASSICS 133
223555,EPS 229,EPS,collapsed_cross_listing,EPS 129
223555,GEOPHYS 239,GEOPHYS,collapsed_cross_listing,EPS 129
223555,GEOPHYS 139,GEOPHYS,collapsed_cross_listing,EPS 129
223558,COMPLIT 207B,COMPLIT,collapsed_cross_listing,AFRICAAM 207
223558,CSRE 207,CSRE,collapsed_cross_listing,AFRICAAM 207
223569,FILMEDIA 470,FILMEDIA,collapsed_cross_listing,FILMEDIA 270
223569,GERMAN 144,GERMAN,collapsed_cross_listing,FILMEDIA 270
223569,GERMAN 344,GERMAN,collapsed_cross_listing,FILMEDIA 270
223585,COMPLIT 309A,COMPLIT,collapsed_cross_listing,COMPLIT 109A
223588,ITALIAN 244,ITALIAN,collapsed_cross_listing,COMPLIT 244
223588,ITALIAN 344,ITALIAN,collapsed_cross_listing,COMPLIT 244
223588,ENGLISH 244,ENGLISH,collapsed_cross_listing,COMPLIT 244
223598,ARTHIST 406A,ARTHIST,collapsed_cross_listing,ARTHIST 206A
223598,COMPLIT 126,COMPLIT,collapsed_cross_listing,ARTHIST 206A
223598,COMPLIT 226,COMPLIT,collapsed_cross_listing,ARTHIST 206A
223602,FRENCH 62N,FRENCH,collapsed_cross_listing,ITALIAN 62N
223606,SLAVIC 373,SLAVIC,collapsed_cross_listing,SLAVIC 173
223608,FILMEDIA 38,FILMEDIA,collapsed_cross_listing,DLCL 238
223608,ENGLISH 1C,ENGLISH,collapsed_cross_listing,DLCL 238
223610,CHINA 251,CHINA,collapsed_cross_listing,CHINA 151
223610,CLASSICS 143,CLASSICS,collapsed_cross_listing,CHINA 151
223612,HISTORY 200P,HISTORY,collapsed_cross_listing,AFRICAAM 200P
223612,RELIGST 210X,RELIGST,collapsed_cross_listing,AFRICAAM 200P
223615,HISTORY 253C,HISTORY,collapsed_cross_listing,AFRICAAM 257
223615,CSRE 253C,CSRE,collapsed_cross_listing,AFRICAAM 257
223620,JEWISHST 14B,JEWISHST,collapsed_cross_listing,HISTORY 14B
223626,JEWISHST 12S,JEWISHST,collapsed_cross_listing,HISTORY 12S
223627,HISTORY 53S,HISTORY,collapsed_cross_listing,AFRICAAM 53S
223633,HISTORY 254F,HISTORY,collapsed_cross_listing,AMSTUD 254F
223633,ASNAMST 254,ASNAMST,collapsed_cross_listing,AMSTUD 254F
223641,HISTORY 54S,HISTORY,collapsed_cross_listing,AFRICAAM 54S
223661,CHEMENG 475,CHEMENG,collapsed_cross_listing,CEE 271C
223661,CHEMENG 175X,CHEMENG,collapsed_cross_listing,CEE 271C
223665,ME 326,ME,collapsed_cross_listing,CS 339R
223677,ENGR 180,ENGR,collapsed_cross_listing,AFRICAAM 180D
223683,PHIL 234B,PHIL,collapsed_cross_listing,PHIL 134B
223685,ARTHIST 251,ARTHIST,collapsed_cross_listing,ARTHIST 451
223702,CLASSICS 155,CLASSICS,collapsed_cross_listing,ARCHLGY 140
223707,STATS 223,STATS,collapsed_cross_listing,STATS 323
223708,COMPLIT 361,COMPLIT,collapsed_cross_listing,AFRICAAM 361
223708,FEMGEN 362,FEMGEN,collapsed_cross_listing,AFRICAAM 361
223708,COMPLIT 261,COMPLIT,collapsed_cross_listing,AFRICAAM 361
223713,FEMGEN 118,FEMGEN,collapsed_cross_listing,ENGLISH 119
223716,POLISCI 335,POLISCI,collapsed_cross_listing,POLISCI 235
223725,HISTORY 304M,HISTORY,collapsed_cross_listing,CLASSICS 240
223728,ANTHRO 224B,ANTHRO,collapsed_cross_listing,ANTHRO 124B
223734,EPS 217,EPS,collapsed_cross_listing,EPS 3
223735,GLOBAL 125,GLOBAL,collapsed_cross_listing,CLASSICS 129
223735,GLOBAL 225,GLOBAL,collapsed_cross_listing,CLASSICS 129
223735,HUMRTS 120,HUMRTS,collapsed_cross_listing,CLASSICS 129
223735,INTNLREL 129,INTNLREL,collapsed_cross_listing,CLASSICS 129
223736,ME 303,ME,collapsed_cross_listing,MATSCI 333
223762,TAPS 151D,TAPS,collapsed_cross_listing,AFRICAAM 151
223762,STS 51D,STS,collapsed_cross_listing,AFRICAAM 151
223762,CSRE 151C,CSRE,collapsed_cross_listing,AFRICAAM 151
223762,SYMSYS 151D,SYMSYS,collapsed_cross_listing,AFRICAAM 151
223762,ARTSINST 151C,ARTSINST,collapsed_cross_listing,AFRICAAM 151
223762,ETHICSOC 151C,ETHICSOC,collapsed_cross_listing,AFRICAAM 151
223780,EE 349,EE,collapsed_cross_listing,CS 349H
223781,HISTORY 382K,HISTORY,collapsed_cross_listing,HISTORY 282K
223781,JEWISHST 282K,JEWISHST,collapsed_cross_listing,HISTORY 282K
223782,HISTORY 383K,HISTORY,collapsed_cross_listing,HISTORY 283K
223782,JEWISHST 283K,JEWISHST,collapsed_cross_listing,HISTORY 283K
223803,GENE 226,GENE,collapsed_cross_listing,GENE 116
223811,CSRE 370,CSRE,collapsed_cross_listing,CSRE 270
223818,GLOBAL 50,GLOBAL,collapsed_cross_listing,DLCL 50
223819,INTLPOL 226,INTLPOL,collapsed_cross_listing,HUMRTS 123
223836,FRENCH 256,FRENCH,collapsed_cross_listing,FRENCH 159
223836,HISTORY 236F,HISTORY,collapsed_cross_listing,FRENCH 159
223845,CHINA 392,CHINA,collapsed_cross_listing,CHINA 192
223850,FEMGEN 245,FEMGEN,collapsed_cross_listing,ECON 245
223851,CSRE 265G,CSRE,collapsed_cross_listing,ANTHRO 265G
223877,POLISCI 244D,POLISCI,collapsed_cross_listing,CLASSICS 187
223878,POLISCI 244C,POLISCI,collapsed_cross_listing,ECON 134
223878,POLISCI 344C,POLISCI,collapsed_cross_listing,ECON 134
223889,FEMGEN 347A,FEMGEN,collapsed_cross_listing,FEMGEN 147
223891,ASNAMST 112,ASNAMST,collapsed_cross_listing,AMSTUD 112
223891,HISTORY 259B,HISTORY,collapsed_cross_listing,AMSTUD 112
223894,HISTORY 292B,HISTORY,collapsed_cross_listing,CHINA 292B
223895,HISTORY 296L,HISTORY,collapsed_cross_listing,ANTHRO 196F
223900,CSRE 173,CSRE,collapsed_cross_listing,AFRICAAM 173
223901,CSRE 172,CSRE,collapsed_cross_listing,AFRICAAM 172
223901,TAPS 172,TAPS,collapsed_cross_listing,AFRICAAM 172
223903,LIFE 116,LIFE,collapsed_cross_listing,CSRE 126
223938,EARTHSYS 282C,EARTHSYS,collapsed_cross_listing,EARTHSYS 182C
223939,ARTSTUDI 167M,ARTSTUDI,collapsed_cross_listing,AFRICAAM 167
223942,FEMGEN 139,FEMGEN,collapsed_cross_listing,CHILATST 139
223948,CEE 221,CEE,collapsed_cross_listing,CEE 121
223949,EPS 225,EPS,collapsed_cross_listing,EPS 125
223956,GLOBAL 50C,GLOBAL,collapsed_cross_listing,DLCL 50C
223957,SLE 22A,SLE,collapsed_cross_listing,ETHICSOC 22A
223964,PWR 194KTA,PWR,collapsed_cross_listing,CSRE 194KTA
223964,FEMGEN 194,FEMGEN,collapsed_cross_listing,CSRE 194KTA
223964,HISTORY 261C,HISTORY,collapsed_cross_listing,CSRE 194KTA
223975,PHYSICS 13N,PHYSICS,collapsed_cross_listing,APPPHYS 13N
223979,MATSCI 226,MATSCI,collapsed_cross_listing,MATSCI 126
224000,HISTORY 355F,HISTORY,collapsed_cross_listing,HISTORY 255F
224028,COMM 230D,COMM,collapsed_cross_listing,COMM 130D
224029,SOC 154A,SOC,collapsed_cross_listing,AMSTUD 154D
224029,ENGLISH 154D,ENGLISH,collapsed_cross_listing,AMSTUD 154D
224030,CSRE 125,CSRE,collapsed_cross_listing,AFRICAAM 201
224030,ENGLISH 287,ENGLISH,collapsed_cross_listing,AFRICAAM 201
224030,DANCE 122,DANCE,collapsed_cross_listing,AFRICAAM 201
224030,FEMGEN 201,FEMGEN,collapsed_cross_listing,AFRICAAM 201
224031,MED 275B,MED,collapsed_cross_listing,MED 175B
224033,CSRE 11SC,CSRE,collapsed_cross_listing,COMPLIT 15SC
224045,MED 236,MED,collapsed_cross_listing,BIOE 375
224045,CHPR 275,CHPR,collapsed_cross_listing,BIOE 375
224049,FILMEDIA 69SI,FILMEDIA,collapsed_cross_listing,ARTHIST 69SI
224050,PSYCH 161,PSYCH,collapsed_cross_listing,EDUC 461
224056,RELIGST 141,RELIGST,collapsed_cross_listing,AFRICAAM 221
224056,CSRE 141R,CSRE,collapsed_cross_listing,AFRICAAM 221
224056,AMSTUD 141X,AMSTUD,collapsed_cross_listing,AFRICAAM 221
224056,POLISCI 126,POLISCI,collapsed_cross_listing,AFRICAAM 221
224056,HISTORY 151M,HISTORY,collapsed_cross_listing,AFRICAAM 221
224068,URBANST 65SI,URBANST,collapsed_cross_listing,CEE 65SI
224069,GEOPHYS 258J,GEOPHYS,collapsed_cross_listing,EE 258
224080,MED 222,MED,collapsed_cross_listing,MED 155
224083,EE 119,EE,collapsed_cross_listing,EE 219
224086,PUBLPOL 119,PUBLPOL,collapsed_cross_listing,INTLPOL 265
224086,PUBLPOL 219,PUBLPOL,collapsed_cross_listing,INTLPOL 265
224089,CSRE 131,CSRE,collapsed_cross_listing,ASNAMST 131
224102,PSYCH 297,PSYCH,collapsed_cross_listing,EDUC 497
224107,CSRE 224,CSRE,collapsed_cross_listing,ASNAMST 224
224107,EDUC 224,EDUC,collapsed_cross_listing,ASNAMST 224
224107,EDUC 124,EDUC,collapsed_cross_listing,ASNAMST 224
224108,EDUC 474A,EDUC,collapsed_cross_listing,EDUC 144A
224130,SOMGEN 140Q,SOMGEN,collapsed_cross_listing,FEMGEN 140Q
224132,MED 161,MED,collapsed_cross_listing,DESIGN 261
224132,SUSTAIN 128,SUSTAIN,collapsed_cross_listing,DESIGN 261
224137,MUSIC 80A,MUSIC,collapsed_cross_listing,JEWISHST 80A
224141,ECON 256,ECON,collapsed_cross_listing,ECON 156
224141,INTLPOL 276,INTLPOL,collapsed_cross_listing,ECON 156
224142,GERMAN 340,GERMAN,collapsed_cross_listing,GERMAN 240
224142,HISTORY 213G,HISTORY,collapsed_cross_listing,GERMAN 240
224143,EE 156,EE,collapsed_cross_listing,EE 256
224146,MUSIC 356,MUSIC,collapsed_cross_listing,CS 470
224147,REES 223E,REES,collapsed_cross_listing,HISTORY 322E
224147,SLAVIC 342,SLAVIC,collapsed_cross_listing,HISTORY 322E
224148,HISTORY 323G,HISTORY,collapsed_cross_listing,HISTORY 223G
224148,SLAVIC 203,SLAVIC,collapsed_cross_listing,HISTORY 223G
224149,MUSIC 150U,MUSIC,collapsed_cross_listing,MUSIC 250D
224157,REES 222B,REES,collapsed_cross_listing,HISTORY 222B
224158,OPHT 207,OPHT,collapsed_cross_listing,NEPR 230
224160,ASNAMST 196C,ASNAMST,collapsed_cross_listing,ASNAMST 96C
224160,HISTORY 96C,HISTORY,collapsed_cross_listing,ASNAMST 96C
224160,HISTORY 196C,HISTORY,collapsed_cross_listing,ASNAMST 96C
224160,FEMGEN 196C,FEMGEN,collapsed_cross_listing,ASNAMST 96C
224160,FEMGEN 96C,FEMGEN,collapsed_cross_listing,ASNAMST 96C
224161,HISTORY 381D,HISTORY,collapsed_cross_listing,HISTORY 281D
224162,HISTORY 397,HISTORY,collapsed_cross_listing,ANTHRO 397H
224162,FEMGEN 397,FEMGEN,collapsed_cross_listing,ANTHRO 397H
224164,HISTORY 307B,HISTORY,collapsed_cross_listing,HISTORY 207B
224172,JEWISHST 285,JEWISHST,collapsed_cross_listing,GERMAN 285
224172,HISTORY 234G,HISTORY,collapsed_cross_listing,GERMAN 285
224180,HISTORY 383B,HISTORY,collapsed_cross_listing,HISTORY 283B
224183,HISTORY 302D,HISTORY,collapsed_cross_listing,ANTHRO 302D
224184,HISTORY 200LB,HISTORY,collapsed_cross_listing,FEMGEN 200LB
224185,HISTORY 301P,HISTORY,collapsed_cross_listing,HISTORY 201P
224192,ENGLISH 261E,ENGLISH,collapsed_cross_listing,AFRICAAM 261E
224192,ENGLISH 152E,ENGLISH,collapsed_cross_listing,AFRICAAM 261E
224199,ENGLISH 239,ENGLISH,collapsed_cross_listing,AMSTUD 239
224201,AMSTUD 187,AMSTUD,collapsed_cross_listing,AFRICAAM 189
224202,ENGLISH 46N,ENGLISH,collapsed_cross_listing,AMSTUD 46N
224206,RELIGST 220,RELIGST,collapsed_cross_listing,POLISCI 230
224206,RELIGST 320,RELIGST,collapsed_cross_listing,POLISCI 230
224211,RELIGST 16N,RELIGST,collapsed_cross_listing,AMSTUD 16N
224220,ENGLISH 169A,ENGLISH,collapsed_cross_listing,AMSTUD 269B
224223,ENGLISH 12D,ENGLISH,collapsed_cross_listing,CHILATST 12D
224223,COMPLIT 165,COMPLIT,collapsed_cross_listing,CHILATST 12D
224223,FEMGEN 12D,FEMGEN,collapsed_cross_listing,CHILATST 12D
224224,GERMAN 375,GERMAN,collapsed_cross_listing,ENGLISH 370
224225,ENGLISH 21N,ENGLISH,collapsed_cross_listing,DLCL 21N
224227,AMSTUD 54B,AMSTUD,collapsed_cross_listing,AMSTUD 154B
224227,HISTORY 54B,HISTORY,collapsed_cross_listing,AMSTUD 154B
224227,HISTORY 154B,HISTORY,collapsed_cross_listing,AMSTUD 154B
224229,EARTHSYS 227A,EARTHSYS,collapsed_cross_listing,EARTHSYS 127A
224229,EPS 137,EPS,collapsed_cross_listing,EARTHSYS 127A
224229,EPS 237,EPS,collapsed_cross_listing,EARTHSYS 127A
224232,JEWISHST 200BG,JEWISHST,collapsed_cross_listing,HISTORY 200BG
224241,BIO 265,BIO,collapsed_cross_listing,BIO 165
224247,MUSIC 244N,MUSIC,collapsed_cross_listing,MUSIC 144N
224250,RELIGST 315,RELIGST,collapsed_cross_listing,RELIGST 215
224254,ARCHLGY 121B,ARCHLGY,collapsed_cross_listing,AFRICAAM 121B
224254,ANTHRO 121B,ANTHRO,collapsed_cross_listing,AFRICAAM 121B
224254,ANTHRO 221B,ANTHRO,collapsed_cross_listing,AFRICAAM 121B
224254,ARCHLGY 221B,ARCHLGY,collapsed_cross_listing,AFRICAAM 121B
224254,FEMGEN 121B,FEMGEN,collapsed_cross_listing,AFRICAAM 121B
224270,PHIL 204,PHIL,collapsed_cross_listing,PHIL 104
224272,COMPLIT 335,COMPLIT,collapsed_cross_listing,CHILATST 235
224272,ILAC 225,ILAC,collapsed_cross_listing,CHILATST 235
224272,ILAC 325,ILAC,collapsed_cross_listing,CHILATST 235
224274,COMPLIT 313,COMPLIT,collapsed_cross_listing,COMPLIT 205
224274,ILAC 305,ILAC,collapsed_cross_listing,COMPLIT 205
224274,ILAC 205,ILAC,collapsed_cross_listing,COMPLIT 205
224278,ILAC 367E,ILAC,collapsed_cross_listing,COMPLIT 367E
224278,ENGLISH 367E,ENGLISH,collapsed_cross_listing,COMPLIT 367E
224303,ARTHIST 284,ARTHIST,collapsed_cross_listing,AMSTUD 284
224303,ARTHIST 484,ARTHIST,collapsed_cross_listing,AMSTUD 284
224303,ASNAMST 284,ASNAMST,collapsed_cross_listing,AMSTUD 284
224305,ARTHIST 274,ARTHIST,collapsed_cross_listing,ARTHIST 474
224305,JEWISHST 274,JEWISHST,collapsed_cross_listing,ARTHIST 474
224305,COMPLIT 274,COMPLIT,collapsed_cross_listing,ARTHIST 474
224305,COMPLIT 374A,COMPLIT,collapsed_cross_listing,ARTHIST 474
224306,ARTHIST 261,ARTHIST,collapsed_cross_listing,AFRICAAM 261
224306,AMSTUD 261A,AMSTUD,collapsed_cross_listing,AFRICAAM 261
224308,CLASSICS 127,CLASSICS,collapsed_cross_listing,ARTHIST 204
224311,OCEANS 225H,OCEANS,collapsed_cross_listing,OCEANS 125H
224313,OCEANS 123H,OCEANS,collapsed_cross_listing,BIO 123
224313,OCEANS 223H,OCEANS,collapsed_cross_listing,BIO 123
224314,OCEANS 170,OCEANS,collapsed_cross_listing,BIO 170
224314,OCEANS 270,OCEANS,collapsed_cross_listing,BIO 170
224322,ARTHIST 408D,ARTHIST,collapsed_cross_listing,ARTHIST 208D
224323,ARTHIST 366,ARTHIST,collapsed_cross_listing,ARTHIST 466A
224323,FEMGEN 466A,FEMGEN,collapsed_cross_listing,ARTHIST 466A
224323,CSRE 366A,CSRE,collapsed_cross_listing,ARTHIST 466A
224327,FILMEDIA 257,FILMEDIA,collapsed_cross_listing,AFRICAAM 256
224327,AMSTUD 256,AMSTUD,collapsed_cross_listing,AFRICAAM 256
224329,FILMEDIA 416,FILMEDIA,collapsed_cross_listing,FILMEDIA 216
224330,JEWISHST 14S,JEWISHST,collapsed_cross_listing,HISTORY 14S
224332,HISTORY 48S,HISTORY,collapsed_cross_listing,AFRICAAM 149
224334,POLISCI 335A,POLISCI,collapsed_cross_listing,POLISCI 235A
224335,POLISCI 335B,POLISCI,collapsed_cross_listing,POLISCI 235B
224339,CHINA 271,CHINA,collapsed_cross_listing,CHINA 171
224339,GLOBAL 200,GLOBAL,collapsed_cross_listing,CHINA 171
224340,RADO 251,RADO,collapsed_cross_listing,BMP 251
224341,RADO 252,RADO,collapsed_cross_listing,BMP 252
224342,RADO 253,RADO,collapsed_cross_listing,BMP 253
224343,MUSIC 123G,MUSIC,collapsed_cross_listing,FEMGEN 123G
224344,POLISCI 154,POLISCI,collapsed_cross_listing,COMM 140X
224344,PUBLPOL 155,PUBLPOL,collapsed_cross_listing,COMM 140X
224344,EARTHSYS 153,EARTHSYS,collapsed_cross_listing,COMM 140X
224344,SOC 127,SOC,collapsed_cross_listing,COMM 140X
224344,ECON 163,ECON,collapsed_cross_listing,COMM 140X
224344,DATASCI 154,DATASCI,collapsed_cross_listing,COMM 140X
224344,MS&E 134,MS&E,collapsed_cross_listing,COMM 140X
224346,ARTSTUDI 260M,ARTSTUDI,collapsed_cross_listing,ARTSTUDI 160M
224346,TAPS 160P,TAPS,collapsed_cross_listing,ARTSTUDI 160M
224346,TAPS 260P,TAPS,collapsed_cross_listing,ARTSTUDI 160M
224366,POLISCI 337R,POLISCI,collapsed_cross_listing,COMPLIT 376
224366,POLISCI 237R,POLISCI,collapsed_cross_listing,COMPLIT 376
224366,FRENCH 367,FRENCH,collapsed_cross_listing,COMPLIT 376
224368,ANTHRO 298A,ANTHRO,collapsed_cross_listing,ANTHRO 198A
224368,ARCHLGY 198A,ARCHLGY,collapsed_cross_listing,ANTHRO 198A
224368,ARCHLGY 298A,ARCHLGY,collapsed_cross_listing,ANTHRO 198A
224369,PWR 91EPA,PWR,collapsed_cross_listing,EARTHSYS 91EJ
224376,COMPLIT 158,COMPLIT,collapsed_cross_listing,AFRICAAM 158
224376,HISTORY 177C,HISTORY,collapsed_cross_listing,AFRICAAM 158
224377,SOC 175,SOC,collapsed_cross_listing,GLOBAL 194
224377,SOC 275,SOC,collapsed_cross_listing,GLOBAL 194
224381,ITALIAN 141,ITALIAN,collapsed_cross_listing,COMPLIT 140
224381,FEMGEN 141B,FEMGEN,collapsed_cross_listing,COMPLIT 140
224381,HISTORY 261P,HISTORY,collapsed_cross_listing,COMPLIT 140
224384,MUSIC 16N,MUSIC,collapsed_cross_listing,ASNAMST 16N
224385,RAD 210A,RAD,collapsed_cross_listing,BMP 210A
224386,MUSIC 123I,MUSIC,collapsed_cross_listing,ARTSTUDI 123I
224389,GERMAN 234,GERMAN,collapsed_cross_listing,FILMEDIA 234
224389,GERMAN 334,GERMAN,collapsed_cross_listing,FILMEDIA 234
224392,GERMAN 153,GERMAN,collapsed_cross_listing,GERMAN 335
224395,GERMAN 130,GERMAN,collapsed_cross_listing,COMPLIT 240
224395,GERMAN 233,GERMAN,collapsed_cross_listing,COMPLIT 240
224396,GERMAN 366,GERMAN,collapsed_cross_listing,GERMAN 266
224402,HISTORY 243F,HISTORY,collapsed_cross_listing,FRENCH 243
224404,EE 268,EE,collapsed_cross_listing,ECON 261
224405,SOC 386,SOC,collapsed_cross_listing,MS&E 382
224408,HISTORY 93S,HISTORY,collapsed_cross_listing,FEMGEN 193S
224411,ILAC 155,ILAC,collapsed_cross_listing,COMPLIT 155
224413,COMPLIT 266,COMPLIT,collapsed_cross_listing,COMPLIT 363
224413,GERMAN 276,GERMAN,collapsed_cross_listing,COMPLIT 363
224417,URBANST 143,URBANST,collapsed_cross_listing,ANTHRO 128B
224419,ARCHLGY 161,ARCHLGY,collapsed_cross_listing,ANTHRO 125C
224419,HISTORY 107B,HISTORY,collapsed_cross_listing,ANTHRO 125C
224428,GENE 113,GENE,collapsed_cross_listing,GENE 213
224430,HISTORY 259C,HISTORY,collapsed_cross_listing,AMSTUD 259C
224430,HISTORY 359C,HISTORY,collapsed_cross_listing,AMSTUD 259C
224435,EDUC 449,EDUC,collapsed_cross_listing,CS 498D
224435,DESIGN 292,DESIGN,collapsed_cross_listing,CS 498D
224437,JEWISHST 112,JEWISHST,collapsed_cross_listing,CSRE 113
224437,FEMGEN 112,FEMGEN,collapsed_cross_listing,CSRE 113
224438,EDUC 397L,EDUC,collapsed_cross_listing,EDUC 147L
224438,HISTORY 58EL,HISTORY,collapsed_cross_listing,EDUC 147L
224439,EDUC 147,EDUC,collapsed_cross_listing,AMSTUD 147
224439,HISTORY 58E,HISTORY,collapsed_cross_listing,AMSTUD 147
224444,ITALIAN 320,ITALIAN,collapsed_cross_listing,ITALIAN 220
224448,EASTASN 288,EASTASN,collapsed_cross_listing,EASTASN 188
224448,INTLPOL 288,INTLPOL,collapsed_cross_listing,EASTASN 188
224455,PSYCH 163,PSYCH,collapsed_cross_listing,PSYCH 263
224456,KOREA 111,KOREA,collapsed_cross_listing,COMPLIT 111K
224456,KOREA 222,KOREA,collapsed_cross_listing,COMPLIT 111K
224456,FEMGEN 111A,FEMGEN,collapsed_cross_listing,COMPLIT 111K
224456,CSRE 111A,CSRE,collapsed_cross_listing,COMPLIT 111K
224460,ANTHRO 162A,ANTHRO,collapsed_cross_listing,ANTHRO 262A
224468,FEMGEN 25Q,FEMGEN,collapsed_cross_listing,ENGLISH 25Q
224470,PSYC 221,PSYC,collapsed_cross_listing,BMDS 274
224470,PSYC 121,PSYC,collapsed_cross_listing,BMDS 274
224476,POLISCI 34N,POLISCI,collapsed_cross_listing,GLOBAL 34N
224480,ME 403,ME,collapsed_cross_listing,MATSCI 405
224481,MUSIC 6G,MUSIC,collapsed_cross_listing,ARTSINST 6G
224491,MS&E 228,MS&E,collapsed_cross_listing,CS 288
224493,BIO 288,BIO,collapsed_cross_listing,BIO 188
224493,CSB 288,CSB,collapsed_cross_listing,BIO 188
224499,ME 305,ME,collapsed_cross_listing,BIOE 305
224504,HRP 203,HRP,collapsed_cross_listing,BMDS 244
224504,EPI 203,EPI,collapsed_cross_listing,BMDS 244
224504,CS 272H,CS,collapsed_cross_listing,BMDS 244
224505,ARTHIST 388,ARTHIST,collapsed_cross_listing,ARTHIST 188
224506,CLASSICS 289,CLASSICS,collapsed_cross_listing,CLASSICS 189
224507,CLASSICS 366,CLASSICS,collapsed_cross_listing,AFRICAAM 266
224507,CSRE 366,CSRE,collapsed_cross_listing,AFRICAAM 266
224509,CLASSICS 279,CLASSICS,collapsed_cross_listing,CLASSICS 179
224515,CHPR 288,CHPR,collapsed_cross_listing,ASNAMST 288
224521,CLASSICS 292,CLASSICS,collapsed_cross_listing,CLASSICS 192
224522,HISTORY 46S,HISTORY,collapsed_cross_listing,AFRICAAM 46
224522,URBANST 144U,URBANST,collapsed_cross_listing,AFRICAAM 46
224522,CSRE 46,CSRE,collapsed_cross_listing,AFRICAAM 46
224538,MUSIC 303,MUSIC,collapsed_cross_listing,COMPLIT 333
224538,ITALIAN 302,ITALIAN,collapsed_cross_listing,COMPLIT 333
224538,TAPS 302,TAPS,collapsed_cross_listing,COMPLIT 333
224538,ENGLISH 303A,ENGLISH,collapsed_cross_listing,COMPLIT 333
224540,CLASSICS 193,CLASSICS,collapsed_cross_listing,ARCHLGY 193A
224540,CLASSICS 293,CLASSICS,collapsed_cross_listing,ARCHLGY 193A
224545,FRENCH 317,FRENCH,collapsed_cross_listing,FRENCH 217
224545,ITALIAN 317,ITALIAN,collapsed_cross_listing,FRENCH 217
224545,ITALIAN 217,ITALIAN,collapsed_cross_listing,FRENCH 217
224545,HISTORY 217D,HISTORY,collapsed_cross_listing,FRENCH 217
224545,HISTORY 317D,HISTORY,collapsed_cross_listing,FRENCH 217
224547,HISTORY 262B,HISTORY,collapsed_cross_listing,AMSTUD 262B
224547,FEMGEN 262B,FEMGEN,collapsed_cross_listing,AMSTUD 262B
224550,PHIL 257,PHIL,collapsed_cross_listing,PHIL 157
224551,PHIL 206,PHIL,collapsed_cross_listing,PHIL 106
224558,PHIL 179R,PHIL,collapsed_cross_listing,FEMGEN 179R
224558,PHIL 279R,PHIL,collapsed_cross_listing,FEMGEN 179R
224562,MUSIC 107,MUSIC,collapsed_cross_listing,FILMEDIA 307
224570,HISTORY 305M,HISTORY,collapsed_cross_listing,HISTORY 205M
224574,HISTORY 398,HISTORY,collapsed_cross_listing,HISTORY 298
224590,CEE 33E,CEE,collapsed_cross_listing,ARTHIST 133E
224598,TAPS 26,TAPS,collapsed_cross_listing,CSRE 26
224598,DANCE 26,DANCE,collapsed_cross_listing,CSRE 26
224599,CSRE 114R,CSRE,collapsed_cross_listing,NATIVEAM 114
224599,HISTORY 250B,HISTORY,collapsed_cross_listing,NATIVEAM 114
224602,DANCE 27H,DANCE,collapsed_cross_listing,AFRICAAM 27H
224606,PSYCH 257A,PSYCH,collapsed_cross_listing,CS 329R
224606,LINGUIST 281A,LINGUIST,collapsed_cross_listing,CS 329R
224606,CSRE 329R,CSRE,collapsed_cross_listing,CS 329R
224608,EPS 239,EPS,collapsed_cross_listing,EPS 139
224628,POLISCI 82,POLISCI,collapsed_cross_listing,EDUC 61
224631,HISTORY 277,HISTORY,collapsed_cross_listing,CHILATST 277
224631,HISTORY 377,HISTORY,collapsed_cross_listing,CHILATST 277
224645,DESIGN 236P,DESIGN,collapsed_cross_listing,AFRICAAM 235
224647,ENGLISH 113A,ENGLISH,collapsed_cross_listing,AFRICAAM 113A
224649,URBANST 180A,URBANST,collapsed_cross_listing,EARTHSYS 181A
224650,URBANST 180B,URBANST,collapsed_cross_listing,EARTHSYS 181B
224651,NATIVEAM 112,NATIVEAM,collapsed_cross_listing,ARCHLGY 112A
224654,ASNAMST 105,ASNAMST,collapsed_cross_listing,AMSTUD 105B
224656,CHILATST 100,CHILATST,collapsed_cross_listing,AMSTUD 100M
224663,ENGLISH 13P,ENGLISH,collapsed_cross_listing,ENGLISH 113P
224663,HISTORY 113P,HISTORY,collapsed_cross_listing,ENGLISH 113P
224663,HISTORY 13P,HISTORY,collapsed_cross_listing,ENGLISH 113P
224663,MUSIC 13P,MUSIC,collapsed_cross_listing,ENGLISH 113P
224663,MUSIC 113P,MUSIC,collapsed_cross_listing,ENGLISH 113P
224667,HUMCORE 138,HUMCORE,collapsed_cross_listing,HISTORY 238E
224698,SYMSYS 294,SYMSYS,collapsed_cross_listing,CME 294
224709,CLASSICS 241,CLASSICS,collapsed_cross_listing,CLASSICS 141
224709,RELIGST 141X,RELIGST,collapsed_cross_listing,CLASSICS 141
224711,FEMGEN 188,FEMGEN,collapsed_cross_listing,AFRICAAM 183
224711,ENGLISH 188,ENGLISH,collapsed_cross_listing,AFRICAAM 183
224713,CSRE 261,CSRE,collapsed_cross_listing,CSRE 161
224713,SUSTAIN 231,SUSTAIN,collapsed_cross_listing,CSRE 161
224713,SUSTAIN 131,SUSTAIN,collapsed_cross_listing,CSRE 161
224713,ENGLISH 131D,ENGLISH,collapsed_cross_listing,CSRE 161
224713,POLISCI 131,POLISCI,collapsed_cross_listing,CSRE 161
224713,POLISCI 331D,POLISCI,collapsed_cross_listing,CSRE 161
224722,MED 215,MED,collapsed_cross_listing,HRP 215
224728,MS&E 236,MS&E,collapsed_cross_listing,CS 225
224733,MED 272,MED,collapsed_cross_listing,ASNAMST 272
224742,CSRE 43,CSRE,collapsed_cross_listing,AFRICAAM 61
224742,TAPS 61,TAPS,collapsed_cross_listing,AFRICAAM 61
224743,CSRE 42,CSRE,collapsed_cross_listing,AFRICAAM 60
224747,FEMGEN 116,FEMGEN,collapsed_cross_listing,ASNAMST 104
224749,OCEANS 330,OCEANS,collapsed_cross_listing,EPS 330
224754,CLASSICS 106,CLASSICS,collapsed_cross_listing,CLASSICS 306
224763,CSRE 104,CSRE,collapsed_cross_listing,ANTHRO 104D
224763,SYMSYS 104,SYMSYS,collapsed_cross_listing,ANTHRO 104D
224773,POLISCI 116M,POLISCI,collapsed_cross_listing,HISTORY 105F
224773,INTLPOL 222,INTLPOL,collapsed_cross_listing,HISTORY 105F
224773,POLISCI 316M,POLISCI,collapsed_cross_listing,HISTORY 105F
224774,ANTHRO 198B,ANTHRO,collapsed_cross_listing,AFRICAAM 198B
224775,CEE 145E,CEE,collapsed_cross_listing,CEE 245E
224779,PHIL 236,PHIL,collapsed_cross_listing,PHIL 136
224781,EARTHSYS 119,EARTHSYS,collapsed_cross_listing,CSRE 155
224781,URBANST 155,URBANST,collapsed_cross_listing,CSRE 155
224781,EARTHSYS 219,EARTHSYS,collapsed_cross_listing,CSRE 155
224785,ANTHRO 129B,ANTHRO,collapsed_cross_listing,AFRICAAM 139
224785,URBANST 139,URBANST,collapsed_cross_listing,AFRICAAM 139
224785,HISTORY 139B,HISTORY,collapsed_cross_listing,AFRICAAM 139
224794,CEE 32XSI,CEE,collapsed_cross_listing,ARTSTUDI 32XSI
224794,NATIVEAM 32SI,NATIVEAM,collapsed_cross_listing,ARTSTUDI 32XSI
224811,EBS 228,EBS,collapsed_cross_listing,EBS 128
224811,GLOBAL 112,GLOBAL,collapsed_cross_listing,EBS 128
224811,GLOBAL 212,GLOBAL,collapsed_cross_listing,EBS 128
224811,OCEANS 212,OCEANS,collapsed_cross_listing,EBS 128
224811,OCEANS 112,OCEANS,collapsed_cross_listing,EBS 128
224820,SOC 210,SOC,collapsed_cross_listing,EDUC 456
224821,EDUC 478,EDUC,collapsed_cross_listing,AFRICAAM 278
224821,CSRE 378,CSRE,collapsed_cross_listing,AFRICAAM 278
224823,ANTHRO 143,ANTHRO,collapsed_cross_listing,ANTHRO 443
224828,LINGUIST 255F,LINGUIST,collapsed_cross_listing,LINGUIST 155F
224830,CHINA 285,CHINA,collapsed_cross_listing,CHINA 185
224835,GEOPHYS 231,GEOPHYS,collapsed_cross_listing,GEOPHYS 115
224851,URBANST 127B,URBANST,collapsed_cross_listing,CSRE 127B
224851,ETHICSOC 127B,ETHICSOC,collapsed_cross_listing,CSRE 127B
224852,AFRICAAM 124,AFRICAAM,collapsed_cross_listing,AFRICAAM 224
224852,CSRE 223,CSRE,collapsed_cross_listing,AFRICAAM 224
224853,HISTORY 328C,HISTORY,collapsed_cross_listing,HISTORY 228C
224853,REES 211,REES,collapsed_cross_listing,HISTORY 228C
224853,REES 110,REES,collapsed_cross_listing,HISTORY 228C
224860,POLISCI 214,POLISCI,collapsed_cross_listing,INTLPOL 234
224860,JEWISHST 214,JEWISHST,collapsed_cross_listing,INTLPOL 234
224860,INTNLREL 114,INTNLREL,collapsed_cross_listing,INTLPOL 234
224865,EDUC 457,EDUC,collapsed_cross_listing,ANTHRO 457A
224865,LINGUIST 267,LINGUIST,collapsed_cross_listing,ANTHRO 457A
224865,CSRE 267,CSRE,collapsed_cross_listing,ANTHRO 457A
224868,URBANST 127C,URBANST,collapsed_cross_listing,ETHICSOC 127C
224885,OSPPARIS 75P,OSPPARIS,collapsed_cross_listing,OSPPARIS 13
224887,SLE 22B,SLE,collapsed_cross_listing,ETHICSOC 22B
224888,EDUC 257,EDUC,collapsed_cross_listing,CSRE 257
224888,LINGUIST 255E,LINGUIST,collapsed_cross_listing,CSRE 257
224900,CLASSICS 209,CLASSICS,collapsed_cross_listing,CLASSICS 109
224924,HISTORY 299CB,HISTORY,collapsed_cross_listing,HISTORY 207F
224941,LINGUIST 154,LINGUIST,collapsed_cross_listing,CSRE 157
224941,LINGUIST 254A,LINGUIST,collapsed_cross_listing,CSRE 157
224945,ME 248,ME,collapsed_cross_listing,DESIGN 223
224954,ETHICSOC 285,ETHICSOC,collapsed_cross_listing,ETHICSOC 85
224962,CEE 175G,CEE,collapsed_cross_listing,CEE 275G
224968,NATIVEAM 123,NATIVEAM,collapsed_cross_listing,EARTHSYS 123
224971,PSYC 180,PSYC,collapsed_cross_listing,MED 180
224973,HISTORY 373,HISTORY,collapsed_cross_listing,HISTORY 273
224974,ME 350,ME,collapsed_cross_listing,AA 296
224983,CS 129X,CS,collapsed_cross_listing,CS 329X
224985,FRENCH 355,FRENCH,collapsed_cross_listing,COMPLIT 355
224985,CSRE 355,CSRE,collapsed_cross_listing,COMPLIT 355
224995,SOC 125,SOC,collapsed_cross_listing,FEMGEN 125S
224999,MED 216,MED,collapsed_cross_listing,BMDS 281
225004,FEMGEN 150J,FEMGEN,collapsed_cross_listing,ENGLISH 150J
225007,URBANST 166,URBANST,collapsed_cross_listing,PUBLPOL 165
225019,DESIGN 187,DESIGN,collapsed_cross_listing,AA 107
225031,GEP 130,GEP,collapsed_cross_listing,ECON 177
225031,GEP 230,GEP,collapsed_cross_listing,ECON 177
225034,EDUC 407,EDUC,collapsed_cross_listing,CS 407
225035,URBANST 84,URBANST,collapsed_cross_listing,UAR 83
225045,EDUC 474B,EDUC,collapsed_cross_listing,EDUC 144B
225045,PEDS 144,PEDS,collapsed_cross_listing,EDUC 144B
225055,SOC 199,SOC,collapsed_cross_listing,CSRE 199
225059,NATIVEAM 12,NATIVEAM,collapsed_cross_listing,ARCHLGY 11
225060,CLASSICS 207,CLASSICS,collapsed_cross_listing,CLASSICS 107
225061,MUSIC 153D,MUSIC,collapsed_cross_listing,COMM 153D
225061,PSYCH 153D,PSYCH,collapsed_cross_listing,COMM 153D
225066,REES 125C,REES,collapsed_cross_listing,INTNLREL 25
225068,FEMGEN 124A,FEMGEN,collapsed_cross_listing,CSRE 124
225082,EALC 170,EALC,collapsed_cross_listing,BIO 185
225082,DLCL 170,DLCL,collapsed_cross_listing,BIO 185
225082,GLOBAL 170,GLOBAL,collapsed_cross_listing,BIO 185
225082,EARTHSYS 170,EARTHSYS,collapsed_cross_listing,BIO 185
225094,MUSIC 243F,MUSIC,collapsed_cross_listing,MUSIC 143F
225097,POLISCI 341,POLISCI,collapsed_cross_listing,POLISCI 241
225110,RAD 23N,RAD,collapsed_cross_listing,CHEM 23N
225118,SOC 360,SOC,collapsed_cross_listing,MS&E 386
225126,HUMCORE 124,HUMCORE,collapsed_cross_listing,HISTORY 203B
225129,HISTORY 369,HISTORY,collapsed_cross_listing,HISTORY 269
225167,COMM 277A,COMM,collapsed_cross_listing,COMM 177A
225176,MUSIC 146S,MUSIC,collapsed_cross_listing,CSRE 146S
225182,ENGLISH 10Q,ENGLISH,collapsed_cross_listing,DLCL 122Q
225185,ENGLISH 360C,ENGLISH,collapsed_cross_listing,COMPLIT 360C
225190,ENGLISH 223A,ENGLISH,collapsed_cross_listing,ENGLISH 323A
225192,ENGLISH 355A,ENGLISH,collapsed_cross_listing,ENGLISH 255A
225200,PWR 91RW,PWR,collapsed_cross_listing,CSRE 91RW
225203,ITALIAN 103,ITALIAN,collapsed_cross_listing,DLCL 103
225206,ILAC 356,ILAC,collapsed_cross_listing,ILAC 256
225207,ILAC 253,ILAC,collapsed_cross_listing,COMPLIT 253
225207,ILAC 353,ILAC,collapsed_cross_listing,COMPLIT 253
225219,FRENCH 163,FRENCH,collapsed_cross_listing,COMPLIT 163
225221,COMPLIT 184B,COMPLIT,collapsed_cross_listing,COMPLIT 384
225221,ILAC 384,ILAC,collapsed_cross_listing,COMPLIT 384
225221,ILAC 184,ILAC,collapsed_cross_listing,COMPLIT 384
225223,FEMGEN 206F,FEMGEN,collapsed_cross_listing,COMPLIT 206
225226,HISTORY 41Q,HISTORY,collapsed_cross_listing,GLOBAL 41Q
225231,RADO 254,RADO,collapsed_cross_listing,BMP 254
225236,ARTHIST 218,ARTHIST,collapsed_cross_listing,ARTHIST 418
225237,ITALIAN 120,ITALIAN,collapsed_cross_listing,ANTHRO 120H
225237,FRENCH 120E,FRENCH,collapsed_cross_listing,ANTHRO 120H
225237,DLCL 120,DLCL,collapsed_cross_listing,ANTHRO 120H
225240,EDUC 473,EDUC,collapsed_cross_listing,CS 293
225244,RELIGST 208,RELIGST,collapsed_cross_listing,AFRICAAM 208
225244,RELIGST 308,RELIGST,collapsed_cross_listing,AFRICAAM 208
225244,AMSTUD 208,AMSTUD,collapsed_cross_listing,AFRICAAM 208
225244,FEMGEN 208,FEMGEN,collapsed_cross_listing,AFRICAAM 208
225244,FEMGEN 308,FEMGEN,collapsed_cross_listing,AFRICAAM 208
225244,HISTORY 268,HISTORY,collapsed_cross_listing,AFRICAAM 208
225244,HISTORY 368,HISTORY,collapsed_cross_listing,AFRICAAM 208
225245,RELIGST 324,RELIGST,collapsed_cross_listing,RELIGST 224
225247,RELIGST 41,RELIGST,collapsed_cross_listing,JEWISHST 41
225248,RELIGST 327,RELIGST,collapsed_cross_listing,RELIGST 227
225249,RELIGST 239,RELIGST,collapsed_cross_listing,RELIGST 339
225252,ARTHIST 288,ARTHIST,collapsed_cross_listing,AMSTUD 288
225252,ARTHIST 488A,ARTHIST,collapsed_cross_listing,AMSTUD 288
225255,CLASSICS 249,CLASSICS,collapsed_cross_listing,CLASSICS 149
225255,POLISCI 231A,POLISCI,collapsed_cross_listing,CLASSICS 149
225255,POLISCI 331A,POLISCI,collapsed_cross_listing,CLASSICS 149
225255,PHIL 176J,PHIL,collapsed_cross_listing,CLASSICS 149
225255,PHIL 276J,PHIL,collapsed_cross_listing,CLASSICS 149
225257,ARTHIST 449,ARTHIST,collapsed_cross_listing,ARTHIST 249
225257,CHILATST 249,CHILATST,collapsed_cross_listing,ARTHIST 249
225258,ARTHIST 433,ARTHIST,collapsed_cross_listing,ARTHIST 233
225258,CSRE 233,CSRE,collapsed_cross_listing,ARTHIST 233
225260,POLISCI 243,POLISCI,collapsed_cross_listing,INTNLREL 153
225260,LATINAM 343,LATINAM,collapsed_cross_listing,INTNLREL 153
225263,ITALIAN 378,ITALIAN,collapsed_cross_listing,ITALIAN 278
225265,ARTHIST 285,ARTHIST,collapsed_cross_listing,AMSTUD 285
225269,FRENCH 213E,FRENCH,collapsed_cross_listing,AFRICAAM 213
225269,COMPLIT 213,COMPLIT,collapsed_cross_listing,AFRICAAM 213
225269,HISTORY 243E,HISTORY,collapsed_cross_listing,AFRICAAM 213
225269,GLOBAL 213,GLOBAL,collapsed_cross_listing,AFRICAAM 213
225270,SLAVIC 149,SLAVIC,collapsed_cross_listing,JEWISHST 149
225271,SLAVIC 302,SLAVIC,collapsed_cross_listing,JEWISHST 302
225272,SLAVIC 303,SLAVIC,collapsed_cross_listing,REES 303
225272,SLAVIC 125,SLAVIC,collapsed_cross_listing,REES 303
225276,SLAVIC 117,SLAVIC,collapsed_cross_listing,HISTORY 127
225276,POLISCI 142,POLISCI,collapsed_cross_listing,HISTORY 127
225276,REES 117,REES,collapsed_cross_listing,HISTORY 127
225276,REES 217,REES,collapsed_cross_listing,HISTORY 127
225279,ANTHRO 137A,ANTHRO,collapsed_cross_listing,AFRICAAM 125
225279,ANTHRO 237A,ANTHRO,collapsed_cross_listing,AFRICAAM 125
225279,ARCHLGY 137A,ARCHLGY,collapsed_cross_listing,AFRICAAM 125
225279,ARCHLGY 237A,ARCHLGY,collapsed_cross_listing,AFRICAAM 125
225280,FILMEDIA 412,FILMEDIA,collapsed_cross_listing,FILMEDIA 212
225282,HISTORY 397T,HISTORY,collapsed_cross_listing,HISTORY 297T
225285,ILAC 106,ILAC,collapsed_cross_listing,CHILATST 106
225300,URBANST 158,URBANST,collapsed_cross_listing,ENGLISH 252
225310,SOC 355,SOC,collapsed_cross_listing,COMM 355B
225317,ARTHIST 104Q,ARTHIST,collapsed_cross_listing,AMSTUD 104Q
225318,HISTORY 248C,HISTORY,collapsed_cross_listing,AFRICAAM 248C
225318,HISTORY 348C,HISTORY,collapsed_cross_listing,AFRICAAM 248C
225320,HISTORY 200UR,HISTORY,collapsed_cross_listing,AMSTUD 200UR
225320,URBANST 100UR,URBANST,collapsed_cross_listing,AMSTUD 200UR
225321,AMSTUD 156D,AMSTUD,collapsed_cross_listing,AMSTUD 56D
225321,HISTORY 156D,HISTORY,collapsed_cross_listing,AMSTUD 56D
225321,HISTORY 56D,HISTORY,collapsed_cross_listing,AMSTUD 56D
225322,HISTORY 339D,HISTORY,collapsed_cross_listing,HISTORY 239D
225324,DLCL 176,DLCL,collapsed_cross_listing,COMPLIT 176
225344,HISTORY 335,HISTORY,collapsed_cross_listing,HISTORY 235
225344,HISTORY 435A,HISTORY,collapsed_cross_listing,HISTORY 235
225345,CHEMENG 140X,CHEMENG,collapsed_cross_listing,CHEMENG 440
225347,PHIL 277R,PHIL,collapsed_cross_listing,PHIL 177R
225356,MS&E 235B,MS&E,collapsed_cross_listing,EE 383
225361,SOC 101,SOC,collapsed_cross_listing,AFRICAAM 123
225361,SOC 201,SOC,collapsed_cross_listing,AFRICAAM 123
225361,ANTHRO 123X,ANTHRO,collapsed_cross_listing,AFRICAAM 123
225363,EE 217,EE,collapsed_cross_listing,EE 117
225365,EARTHSYS 37Q,EARTHSYS,collapsed_cross_listing,CSRE 37Q
225365,SOC 37Q,SOC,collapsed_cross_listing,CSRE 37Q
225369,ARTHIST 422A,ARTHIST,collapsed_cross_listing,ARTHIST 222A
225370,SOC 116,SOC,collapsed_cross_listing,INTLPOL 224C
225370,SOC 216,SOC,collapsed_cross_listing,INTLPOL 224C
225377,MS&E 211DS,MS&E,collapsed_cross_listing,MS&E 111DS
225378,JAPAN 191,JAPAN,collapsed_cross_listing,ASNAMST 191
225378,JAPAN 291,JAPAN,collapsed_cross_listing,ASNAMST 191
225379,SLAVIC 394,SLAVIC,collapsed_cross_listing,SLAVIC 194
225391,POLISCI 331M,POLISCI,collapsed_cross_listing,PHIL 371M
225393,POLISCI 156,POLISCI,collapsed_cross_listing,CS 125
225397,ECON 3,ECON,collapsed_cross_listing,CHEM 5
225406,COMPLIT 157,COMPLIT,collapsed_cross_listing,CHILATST 157
225407,HISTORY 245,HISTORY,collapsed_cross_listing,AFRICAAM 246
225407,HUMCORE 136,HUMCORE,collapsed_cross_listing,AFRICAAM 246
225411,ANTHRO 239A,ANTHRO,collapsed_cross_listing,ANTHRO 139A
225411,ARCHLGY 139,ARCHLGY,collapsed_cross_listing,ANTHRO 139A
225411,ARCHLGY 239,ARCHLGY,collapsed_cross_listing,ANTHRO 139A
225411,FEMGEN 139A,FEMGEN,collapsed_cross_listing,ANTHRO 139A
225417,STATS 232,STATS,collapsed_cross_listing,CS 229B
225418,PHIL 231,PHIL,collapsed_cross_listing,PHIL 131
225424,POLISCI 224,POLISCI,collapsed_cross_listing,CSRE 225
225425,ENGLISH 192B,ENGLISH,collapsed_cross_listing,AFRICAAM 192B
225425,FEMGEN 192B,FEMGEN,collapsed_cross_listing,AFRICAAM 192B
225426,ESS 288,ESS,collapsed_cross_listing,CEE 263E
225430,ENGLISH 90L,ENGLISH,collapsed_cross_listing,CHILATST 90
225448,CSRE 101A,CSRE,collapsed_cross_listing,AMSTUD 101A
225448,FEMGEN 101A,FEMGEN,collapsed_cross_listing,AMSTUD 101A
225472,EDUC 482,EDUC,collapsed_cross_listing,DESIGN 294
225478,ENGLISH 185B,ENGLISH,collapsed_cross_listing,CSRE 184B
225478,FEMGEN 185B,FEMGEN,collapsed_cross_listing,CSRE 184B
225514,PHIL 276M,PHIL,collapsed_cross_listing,PHIL 176M
225517,DESIGN 160,DESIGN,collapsed_cross_listing,DESIGN 60
225525,ME 106,ME,collapsed_cross_listing,ARCHLGY 106Q
225534,DESIGN 183N,DESIGN,collapsed_cross_listing,CS 53N
225538,HISTORY 57S,HISTORY,collapsed_cross_listing,AMSTUD 57S
225543,MS&E 218,MS&E,collapsed_cross_listing,CME 218
225544,HISTORY 384K,HISTORY,collapsed_cross_listing,HISTORY 284K
225544,JEWISHST 284,JEWISHST,collapsed_cross_listing,HISTORY 284K
225551,URBANST 7,URBANST,collapsed_cross_listing,HISTORY 7S
225557,HISTORY 356A,HISTORY,collapsed_cross_listing,HISTORY 256A
225562,NATIVEAM 117,NATIVEAM,collapsed_cross_listing,ARCHLGY 117C
225563,AMSTUD 104A,AMSTUD,collapsed_cross_listing,AFRICAAM 104
225566,EE 160A,EE,collapsed_cross_listing,AA 174A
225566,CS 137A,CS,collapsed_cross_listing,AA 174A
225568,SLAVIC 340A,SLAVIC,collapsed_cross_listing,SLAVIC 140
225569,HISTORY 24B,HISTORY,collapsed_cross_listing,HISTORY 124B
225569,REES 224C,REES,collapsed_cross_listing,HISTORY 124B
225569,SLAVIC 224B,SLAVIC,collapsed_cross_listing,HISTORY 124B
225570,EPS 231,EPS,collapsed_cross_listing,EPS 131
225579,CLASSICS 30,CLASSICS,collapsed_cross_listing,ARCHLGY 30
225597,PHIL 264,PHIL,collapsed_cross_listing,PHIL 164
225598,PHIL 212,PHIL,collapsed_cross_listing,PHIL 112
225599,PHIL 251D,PHIL,collapsed_cross_listing,PHIL 151D
225600,CLASSICS 141C,CLASSICS,collapsed_cross_listing,ARCHLGY 141
225602,PHIL 288A,PHIL,collapsed_cross_listing,PHIL 188A
225608,EDUC 64,EDUC,collapsed_cross_listing,COMM 159B
225608,SOC 64,SOC,collapsed_cross_listing,COMM 159B
225617,ENERGY 276,ENERGY,collapsed_cross_listing,ENERGY 176
225621,PHIL 241F,PHIL,collapsed_cross_listing,PHIL 141F
225625,JEWISHST 285D,JEWISHST,collapsed_cross_listing,HISTORY 285D
225626,NATIVEAM 124,NATIVEAM,collapsed_cross_listing,ARCHLGY 124C
225628,ENGLISH 190A,ENGLISH,collapsed_cross_listing,ASNAMST 190
225629,EARTHSYS 299A,EARTHSYS,collapsed_cross_listing,EARTHSYS 199A
225631,NATIVEAM 119,NATIVEAM,collapsed_cross_listing,ENGLISH 146N
225633,HISTORY 200GH,HISTORY,collapsed_cross_listing,FEMGEN 200GH
225634,HISTORY 263,HISTORY,collapsed_cross_listing,AMSTUD 263A
225634,FEMGEN 263,FEMGEN,collapsed_cross_listing,AMSTUD 263A
225645,JEWISHST 131,JEWISHST,collapsed_cross_listing,CSRE 131B
225645,FRENCH 102,FRENCH,collapsed_cross_listing,CSRE 131B
225646,JEWISHST 124,JEWISHST,collapsed_cross_listing,CSRE 124B
225646,GERMAN 124,GERMAN,collapsed_cross_listing,CSRE 124B
225655,HISTORY 305C,HISTORY,collapsed_cross_listing,HISTORY 205C
225656,URBANST 175,URBANST,collapsed_cross_listing,PUBLPOL 171
225659,ENGR 204R,ENGR,collapsed_cross_listing,ENGR 104R
225664,HISTORY 376C,HISTORY,collapsed_cross_listing,HISTORY 276C
225665,CEE 233A,CEE,collapsed_cross_listing,CEE 133A
225666,CEE 233B,CEE,collapsed_cross_listing,CEE 133B
225677,CEE 233C,CEE,collapsed_cross_listing,CEE 133C
225678,CEE 233D,CEE,collapsed_cross_listing,CEE 133D
225702,SOC 212,SOC,collapsed_cross_listing,SOC 110
225704,EE 381,EE,collapsed_cross_listing,CS 381
225705,CLASSICS 240A,CLASSICS,collapsed_cross_listing,CLASSICS 140
225706,HISTORY 247,HISTORY,collapsed_cross_listing,AFRICAAM 247
225706,HISTORY 347,HISTORY,collapsed_cross_listing,AFRICAAM 247
225706,FEMGEN 247,FEMGEN,collapsed_cross_listing,AFRICAAM 247
225706,FEMGEN 347,FEMGEN,collapsed_cross_listing,AFRICAAM 247
225719,BIOE 337,BIOE,collapsed_cross_listing,ARTSINST 337
225747,CLASSICS 108,CLASSICS,collapsed_cross_listing,CLASSICS 320
225749,TAPS 100,TAPS,collapsed_cross_listing,TAPS 211
225762,RELIGST 116X,RELIGST,collapsed_cross_listing,JEWISHST 116
225767,RELIGST 355,RELIGST,collapsed_cross_listing,RELIGST 255
225775,CLASSICS 31N,CLASSICS,collapsed_cross_listing,CHINA 23N
225777,CSRE 1SI,CSRE,collapsed_cross_listing,ASNAMST 1SI
225789,INTLPOL 300V,INTLPOL,collapsed_cross_listing,CEE 252
225815,EPS 202,EPS,collapsed_cross_listing,EPS 102
225824,INTNLREL 152,INTNLREL,collapsed_cross_listing,INTLPOL 252
225843,CLASSICS 145,CLASSICS,collapsed_cross_listing,AFRICAAM 145
225843,CLASSICS 245,CLASSICS,collapsed_cross_listing,AFRICAAM 145
225843,COMPLIT 145C,COMPLIT,collapsed_cross_listing,AFRICAAM 145
225844,CLASSICS 242,CLASSICS,collapsed_cross_listing,CLASSICS 142
225846,EPI 282,EPI,collapsed_cross_listing,CHPR 282
225847,CS 277,CS,collapsed_cross_listing,BMDS 271
225847,RAD 271,RAD,collapsed_cross_listing,BMDS 271
225853,SUSTAIN 221,SUSTAIN,collapsed_cross_listing,SUSTAIN 121
225854,OCEANS 286H,OCEANS,collapsed_cross_listing,OCEANS 186H
225871,HISTORY 214B,HISTORY,collapsed_cross_listing,GERMAN 200
225871,HISTORY 314B,HISTORY,collapsed_cross_listing,GERMAN 200
225881,EE 227,EE,collapsed_cross_listing,CS 227A
225882,HISTORY 379A,HISTORY,collapsed_cross_listing,HISTORY 279A
225883,HISTORY 260,HISTORY,collapsed_cross_listing,AMSTUD 260
225883,HISTORY 360,HISTORY,collapsed_cross_listing,AMSTUD 260
225883,FEMGEN 260,FEMGEN,collapsed_cross_listing,AMSTUD 260
225889,CEE 147C,CEE,collapsed_cross_listing,CEE 247C
225890,CSRE 184,CSRE,collapsed_cross_listing,AFRICAAM 184
225891,GEOPHYS 236,GEOPHYS,collapsed_cross_listing,EPS 216
225891,MATSCI 236,MATSCI,collapsed_cross_listing,EPS 216
225892,POLISCI 317,POLISCI,collapsed_cross_listing,POLISCI 117
225906,GENE 131,GENE,collapsed_cross_listing,GENE 231
225910,ARCHLGY 297A,ARCHLGY,collapsed_cross_listing,ARCHLGY 97A
225910,ARTHIST 97,ARTHIST,collapsed_cross_listing,ARCHLGY 97A
225911,ARCHLGY 297B,ARCHLGY,collapsed_cross_listing,ARCHLGY 97B
225912,ARCHLGY 297C,ARCHLGY,collapsed_cross_listing,ARCHLGY 97C
225913,ARCHLGY 297D,ARCHLGY,collapsed_cross_listing,ARCHLGY 97D
225914,ARCHLGY 297E,ARCHLGY,collapsed_cross_listing,ARCHLGY 97E
225936,DESIGN 266,DESIGN,collapsed_cross_listing,BMDS 272
225941,EARTHSYS 220,EARTHSYS,collapsed_cross_listing,EARTHSYS 120
225941,NATIVEAM 120A,NATIVEAM,collapsed_cross_listing,EARTHSYS 120
225954,FEMGEN 477,FEMGEN,collapsed_cross_listing,EDUC 477
225955,COMPLIT 164,COMPLIT,collapsed_cross_listing,COMPLIT 364
225955,CSRE 164,CSRE,collapsed_cross_listing,COMPLIT 364
225956,PUBLPOL 379,PUBLPOL,collapsed_cross_listing,EDUC 219
225963,ARTHIST 455,ARTHIST,collapsed_cross_listing,ARTHIST 250
225985,FEMGEN 210,FEMGEN,collapsed_cross_listing,AFRICAAM 210
225985,AMSTUD 210,AMSTUD,collapsed_cross_listing,AFRICAAM 210
225985,TAPS 210,TAPS,collapsed_cross_listing,AFRICAAM 210
225986,SOC 112A,SOC,collapsed_cross_listing,AFRICAAM 212
225986,SOC 212A,SOC,collapsed_cross_listing,AFRICAAM 212
225995,PHIL 30,PHIL,collapsed_cross_listing,COMM 3
225995,PUBLPOL 3,PUBLPOL,collapsed_cross_listing,COMM 3
225995,RELIGST 23X,RELIGST,collapsed_cross_listing,COMM 3
225995,POLISCI 31,POLISCI,collapsed_cross_listing,COMM 3
225995,CSRE 31,CSRE,collapsed_cross_listing,COMM 3
225995,SOC 13,SOC,collapsed_cross_listing,COMM 3
225995,PSYCH 31A,PSYCH,collapsed_cross_listing,COMM 3
225995,HISTORY 3C,HISTORY,collapsed_cross_listing,COMM 3
226000,HISTORY 382,HISTORY,collapsed_cross_listing,HISTORY 282
226005,GEP 135,GEP,collapsed_cross_listing,ECON 185
226005,GEP 235,GEP,collapsed_cross_listing,ECON 185
226005,PUBLPOL 185,PUBLPOL,collapsed_cross_listing,ECON 185
226007,ENGLISH 363,ENGLISH,collapsed_cross_listing,APPPHYS 363
226012,CEE 276M,CEE,collapsed_cross_listing,CEE 176M
226012,EARTHSYS 176M,EARTHSYS,collapsed_cross_listing,CEE 176M
226012,EARTHSYS 276M,EARTHSYS,collapsed_cross_listing,CEE 176M
226013,HISTORY 262A,HISTORY,collapsed_cross_listing,AMSTUD 262A
226013,FEMGEN 262A,FEMGEN,collapsed_cross_listing,AMSTUD 262A
226021,FEMGEN 149,FEMGEN,collapsed_cross_listing,COMM 149F
226023,GEOPHYS 148,GEOPHYS,collapsed_cross_listing,CME 215
226023,GEOPHYS 248,GEOPHYS,collapsed_cross_listing,CME 215
226027,ESS 266,ESS,collapsed_cross_listing,ESS 166
226031,ESS 234,ESS,collapsed_cross_listing,CSRE 234
226031,HUMRTS 224,HUMRTS,collapsed_cross_listing,CSRE 234
226031,EBS 234,EBS,collapsed_cross_listing,CSRE 234
226032,HISTORY 348E,HISTORY,collapsed_cross_listing,HISTORY 248E
226033,REES 100B,REES,collapsed_cross_listing,HISTORY 2B
226033,REES 200B,REES,collapsed_cross_listing,HISTORY 2B
226039,PWR 194DS9,PWR,collapsed_cross_listing,AFRICAAM 197
226039,CSRE 194DS9,CSRE,collapsed_cross_listing,AFRICAAM 197
226041,COMM 238A,COMM,collapsed_cross_listing,COMM 138A
226068,INTNLREL 117,INTNLREL,collapsed_cross_listing,GEP 233
226068,INTLPOL 273,INTLPOL,collapsed_cross_listing,GEP 233
226068,PUBLPOL 125,PUBLPOL,collapsed_cross_listing,GEP 233
226076,ARTHIST 116,ARTHIST,collapsed_cross_listing,AMSTUD 116A
226090,HISTORY 281L,HISTORY,collapsed_cross_listing,GLOBAL 131L
226094,DATASCI 294N,DATASCI,collapsed_cross_listing,DATASCI 194N
226094,PSYCH 294N,PSYCH,collapsed_cross_listing,DATASCI 194N
226113,SLAVIC 252,SLAVIC,collapsed_cross_listing,SLAVIC 152
226119,ITALIAN 358,ITALIAN,collapsed_cross_listing,ITALIAN 258
226136,DATASCI 294L,DATASCI,collapsed_cross_listing,DATASCI 194L
226136,PSYCH 139,PSYCH,collapsed_cross_listing,DATASCI 194L
226136,EDUC 139,EDUC,collapsed_cross_listing,DATASCI 194L
226158,RELIGST 377,RELIGST,collapsed_cross_listing,RELIGST 277
226159,CLASSICS 374,CLASSICS,collapsed_cross_listing,CLASSICS 274
226159,RELIGST 273,RELIGST,collapsed_cross_listing,CLASSICS 274
226159,RELIGST 373,RELIGST,collapsed_cross_listing,CLASSICS 274
226161,RELIGST 366,RELIGST,collapsed_cross_listing,RELIGST 266
226162,JEWISHST 33Q,JEWISHST,collapsed_cross_listing,HISTORY 33Q
226163,RELIGST 374,RELIGST,collapsed_cross_listing,RELIGST 274
226164,HISTORY 384C,HISTORY,collapsed_cross_listing,HISTORY 284C
226164,RELIGST 243,RELIGST,collapsed_cross_listing,HISTORY 284C
226164,RELIGST 343,RELIGST,collapsed_cross_listing,HISTORY 284C
226165,RELIGST 342,RELIGST,collapsed_cross_listing,RELIGST 242
226166,RELIGST 145,RELIGST,collapsed_cross_listing,ENGLISH 145B
226167,RELIGST 155,RELIGST,collapsed_cross_listing,AMSTUD 155R
226180,RELIGST 375,RELIGST,collapsed_cross_listing,RELIGST 275
226195,EALC 218,EALC,collapsed_cross_listing,EALC 118
226195,GLOBAL 118,GLOBAL,collapsed_cross_listing,EALC 118
226196,JAPAN 294,JAPAN,collapsed_cross_listing,JAPAN 194
226197,POLISCI 110E,POLISCI,collapsed_cross_listing,INTNLREL 110E
226203,POLISCI 334A,POLISCI,collapsed_cross_listing,CLASSICS 334A
226205,POLISCI 29N,POLISCI,collapsed_cross_listing,ETHICSOC 128N
226206,EPS 204,EPS,collapsed_cross_listing,EPS 194
226215,ILAC 142N,ILAC,collapsed_cross_listing,GLOBAL 142N
226216,SLAVIC 234,SLAVIC,collapsed_cross_listing,JEWISHST 234
226218,GERMAN 291,GERMAN,collapsed_cross_listing,COMPLIT 289
226218,JEWISHST 289,JEWISHST,collapsed_cross_listing,COMPLIT 289
226226,COMPLIT 77N,COMPLIT,collapsed_cross_listing,CHILATST 77N
226226,ILAC 77N,ILAC,collapsed_cross_listing,CHILATST 77N
226237,MUSIC 147R,MUSIC,collapsed_cross_listing,AFRICAAM 141
226238,ARTHIST 114Q,ARTHIST,collapsed_cross_listing,FILMEDIA 114Q
226240,COMM 178A,COMM,collapsed_cross_listing,COMM 278A
226242,HUMRTS 125,HUMRTS,collapsed_cross_listing,EBS 130
226242,GLOBAL 126,GLOBAL,collapsed_cross_listing,EBS 130
226242,ETHICSOC 125H,ETHICSOC,collapsed_cross_listing,EBS 130
226242,INTLPOL 225A,INTLPOL,collapsed_cross_listing,EBS 130
226242,INTNLREL 126,INTNLREL,collapsed_cross_listing,EBS 130
226245,PHIL 281A,PHIL,collapsed_cross_listing,PHIL 181A
226247,REES 324,REES,collapsed_cross_listing,HISTORY 324B
226250,RELIGST 376,RELIGST,collapsed_cross_listing,RELIGST 276
226252,BIO 276,BIO,collapsed_cross_listing,BIO 176
226254,COMPLIT 271,COMPLIT,collapsed_cross_listing,COMPLIT 171
226262,OCEANS 265,OCEANS,collapsed_cross_listing,OCEANS 165
226264,GERMAN 323,GERMAN,collapsed_cross_listing,GERMAN 223
226265,GERMAN 324,GERMAN,collapsed_cross_listing,GERMAN 224
226266,GERMAN 258,GERMAN,collapsed_cross_listing,COMPLIT 258
226266,JEWISHST 258,JEWISHST,collapsed_cross_listing,COMPLIT 258
226267,GERMAN 346,GERMAN,collapsed_cross_listing,GERMAN 246
226267,TAPS 246,TAPS,collapsed_cross_listing,GERMAN 246
226267,TAPS 346,TAPS,collapsed_cross_listing,GERMAN 246
226272,ENGLISH 125A,ENGLISH,collapsed_cross_listing,AMSTUD 126A
226272,ASNAMST 126E,ASNAMST,collapsed_cross_listing,AMSTUD 126A
226274,TAPS 355,TAPS,collapsed_cross_listing,ENGLISH 301
226277,OCEANS 86Q,OCEANS,collapsed_cross_listing,CEE 86Q
226278,ENGLISH 28N,ENGLISH,collapsed_cross_listing,ASNAMST 128N
226279,ENGLISH 216,ENGLISH,collapsed_cross_listing,AFRICAAM 215
226279,AMSTUD 216,AMSTUD,collapsed_cross_listing,AFRICAAM 215
226283,HISTORY 51N,HISTORY,collapsed_cross_listing,AMSTUD 51N
226284,GENE 246,GENE,collapsed_cross_listing,BIO 246
226284,BIOE 266,BIOE,collapsed_cross_listing,BIO 246
226290,SLAVIC 266,SLAVIC,collapsed_cross_listing,REES 266C
226291,SLAVIC 144,SLAVIC,collapsed_cross_listing,SLAVIC 344
226294,PSYCH 124,PSYCH,collapsed_cross_listing,PHIL 124P
226295,PSYCH 156A,PSYCH,collapsed_cross_listing,JEWISHST 156A
226296,PSYCH 222,PSYCH,collapsed_cross_listing,LINGUIST 247N
226296,PSYCH 122,PSYCH,collapsed_cross_listing,LINGUIST 247N
226297,HISTORY 109,HISTORY,collapsed_cross_listing,AFRICAAM 110
226297,GLOBAL 109,GLOBAL,collapsed_cross_listing,AFRICAAM 110
226297,CSRE 109,CSRE,collapsed_cross_listing,AFRICAAM 110
226305,MATSCI 222,MATSCI,collapsed_cross_listing,MATSCI 122
226307,HISTORY 396B,HISTORY,collapsed_cross_listing,HISTORY 296B
226308,HISTORY 72,HISTORY,collapsed_cross_listing,HISTORY 172
226313,CLASSICS 105,CLASSICS,collapsed_cross_listing,ARCHLGY 105
226317,HISTORY 308G,HISTORY,collapsed_cross_listing,HISTORY 208G
226319,ILAC 232,ILAC,collapsed_cross_listing,ILAC 332
226320,HISTORY 49A,HISTORY,collapsed_cross_listing,HISTORY 149A
226325,FEMGEN 314A,FEMGEN,collapsed_cross_listing,ANTHRO 314
226326,SOC 171,SOC,collapsed_cross_listing,ANTHRO 173
226326,CSRE 175,CSRE,collapsed_cross_listing,ANTHRO 173
226327,CSRE 315,CSRE,collapsed_cross_listing,ANTHRO 315
226328,CLASSICS 102,CLASSICS,collapsed_cross_listing,ARCHLGY 101
226328,CLASSICS 202,CLASSICS,collapsed_cross_listing,ARCHLGY 101
226330,HISTORY 61S,HISTORY,collapsed_cross_listing,FEMGEN 61S
226336,PWR 91NF,PWR,collapsed_cross_listing,CSRE 91NF
226337,DLCL 167,DLCL,collapsed_cross_listing,COMPLIT 167
226337,ENGLISH 167A,ENGLISH,collapsed_cross_listing,COMPLIT 167
226337,ILAC 167A,ILAC,collapsed_cross_listing,COMPLIT 167
226340,DLCL 153,DLCL,collapsed_cross_listing,DLCL 253
226345,POLISCI 328R,POLISCI,collapsed_cross_listing,POLISCI 228R
226351,EARTHSYS 245,EARTHSYS,collapsed_cross_listing,EARTHSYS 145
226351,URBANST 145,URBANST,collapsed_cross_listing,EARTHSYS 145
226351,ESS 235,ESS,collapsed_cross_listing,EARTHSYS 145
226354,COMPLIT 347G,COMPLIT,collapsed_cross_listing,COMPLIT 248
226354,ILAC 247,ILAC,collapsed_cross_listing,COMPLIT 248
226354,ILAC 347G,ILAC,collapsed_cross_listing,COMPLIT 248
226354,NATIVEAM 248,NATIVEAM,collapsed_cross_listing,COMPLIT 248
226358,COMPLIT 235,COMPLIT,collapsed_cross_listing,COMPLIT 135
226359,ANTHRO 259W,ANTHRO,collapsed_cross_listing,ANTHRO 159
226359,ARCHLGY 159,ARCHLGY,collapsed_cross_listing,ANTHRO 159
226359,ARCHLGY 259,ARCHLGY,collapsed_cross_listing,ANTHRO 159
226370,RELIGST 373G,RELIGST,collapsed_cross_listing,CLASSICS 374G
226378,PHYSICS 11N,PHYSICS,collapsed_cross_listing,APPPHYS 11N
226380,DATASCI 161,DATASCI,collapsed_cross_listing,CS 171
226380,ECON 115,ECON,collapsed_cross_listing,CS 171
226382,ARCHLGY 107,ARCHLGY,collapsed_cross_listing,ANTHRO 108
226382,URBANST 147,URBANST,collapsed_cross_listing,ANTHRO 108
226383,ARCHLGY 91,ARCHLGY,collapsed_cross_listing,ANTHRO 150
226384,PHIL 209A,PHIL,collapsed_cross_listing,PHIL 109A
226386,GERMAN 292,GERMAN,collapsed_cross_listing,COMPLIT 292
226386,ENGLISH 229,ENGLISH,collapsed_cross_listing,COMPLIT 292
226386,FEMGEN 292A,FEMGEN,collapsed_cross_listing,COMPLIT 292
226393,BIO 192,BIO,collapsed_cross_listing,BIO 387
226402,EDUC 227,EDUC,collapsed_cross_listing,AFRICAAM 227
226402,LINGUIST 165A,LINGUIST,collapsed_cross_listing,AFRICAAM 227
226402,CSRE 327,CSRE,collapsed_cross_listing,AFRICAAM 227
226403,SOC 303,SOC,collapsed_cross_listing,EDUC 303
226404,EDUC 305,EDUC,collapsed_cross_listing,AMSTUD 305
226404,RELIGST 205X,RELIGST,collapsed_cross_listing,AMSTUD 305
226404,JEWISHST 205,JEWISHST,collapsed_cross_listing,AMSTUD 305
226407,EDUC 308,EDUC,collapsed_cross_listing,CSRE 308
226407,SOC 307,SOC,collapsed_cross_listing,CSRE 308
226410,ARCHLGY 158,ARCHLGY,collapsed_cross_listing,ARCHLGY 258
226410,CLASSICS 117,CLASSICS,collapsed_cross_listing,ARCHLGY 258
226411,ARCHLGY 247,ARCHLGY,collapsed_cross_listing,ANTHRO 147C
226411,ARCHLGY 147,ARCHLGY,collapsed_cross_listing,ANTHRO 147C
226415,PSYC 248,PSYC,collapsed_cross_listing,PSYC 148
226417,ARCHLGY 183,ARCHLGY,collapsed_cross_listing,ANTHRO 190
226417,URBANST 172,URBANST,collapsed_cross_listing,ANTHRO 190
226420,CSRE 250,CSRE,collapsed_cross_listing,CHILATST 248
226420,ILAC 248,ILAC,collapsed_cross_listing,CHILATST 248
226420,FILMEDIA 248,FILMEDIA,collapsed_cross_listing,CHILATST 248
226431,DATASCI 294D,DATASCI,collapsed_cross_listing,DATASCI 194D
226432,GEOPHYS 375,GEOPHYS,collapsed_cross_listing,AA 299
226432,EPS 375,EPS,collapsed_cross_listing,AA 299
226435,BIO 119,BIO,collapsed_cross_listing,BIO 219
226436,CEE 208A,CEE,collapsed_cross_listing,CEE 108A
226436,ENERGY 108A,ENERGY,collapsed_cross_listing,CEE 108A
226436,ENERGY 208A,ENERGY,collapsed_cross_listing,CEE 108A
226437,CEE 208B,CEE,collapsed_cross_listing,CEE 108B
226437,ENERGY 108B,ENERGY,collapsed_cross_listing,CEE 108B
226437,ENERGY 208B,ENERGY,collapsed_cross_listing,CEE 108B
226438,CEE 208X,CEE,collapsed_cross_listing,CEE 108X
226438,ENERGY 108X,ENERGY,collapsed_cross_listing,CEE 108X
226438,ENERGY 208X,ENERGY,collapsed_cross_listing,CEE 108X
226445,CS 238V,CS,collapsed_cross_listing,AA 228V
226448,EE 186,EE,collapsed_cross_listing,CS 140M
226454,FEMGEN 139D,FEMGEN,collapsed_cross_listing,ENGLISH 139
226459,CSRE 169,CSRE,collapsed_cross_listing,ANTHRO 167
226467,ARCHLGY 171,ARCHLGY,collapsed_cross_listing,ANTHRO 142
226471,FILMPROD 210,FILMPROD,collapsed_cross_listing,FILMPROD 410
226472,FILMPROD 211,FILMPROD,collapsed_cross_listing,FILMPROD 411
226475,JEWISHST 88,JEWISHST,collapsed_cross_listing,HISTORY 88
226486,POLISCI 246,POLISCI,collapsed_cross_listing,HISTORY 256B
226488,PHIL 238,PHIL,collapsed_cross_listing,PHIL 138
226490,OCEANS 264H,OCEANS,collapsed_cross_listing,OCEANS 164H
226490,SYMSYS 164H,SYMSYS,collapsed_cross_listing,OCEANS 164H
226492,PHIL 273,PHIL,collapsed_cross_listing,PHIL 173
226493,PHIL 267E,PHIL,collapsed_cross_listing,PHIL 167E
226496,ITALIAN 338,ITALIAN,collapsed_cross_listing,ITALIAN 238
226497,PSYC 181,PSYC,collapsed_cross_listing,PSYC 281
226500,PHIL 174L,PHIL,collapsed_cross_listing,ETHICSOC 174L
226502,FEMGEN 167A,FEMGEN,collapsed_cross_listing,ENGLISH 167
226507,HISTORY 268A,HISTORY,collapsed_cross_listing,AMSTUD 268A
226508,HISTORY 239B,HISTORY,collapsed_cross_listing,AFRICAAM 239
226508,ETHICSOC 239B,ETHICSOC,collapsed_cross_listing,AFRICAAM 239
226511,SUSTAIN 370A,SUSTAIN,collapsed_cross_listing,SUSTAIN 170A
226517,TAPS 250E,TAPS,collapsed_cross_listing,AMSTUD 250E
226517,FEMGEN 250E,FEMGEN,collapsed_cross_listing,AMSTUD 250E
226517,NATIVEAM 250E,NATIVEAM,collapsed_cross_listing,AMSTUD 250E
226521,POLISCI 125,POLISCI,collapsed_cross_listing,ETHICSOC 125
226529,ARTHIST 227,ARTHIST,collapsed_cross_listing,AFRICAAM 220
226531,CS 286,CS,collapsed_cross_listing,BMDS 276
226533,CLASSICS 222,CLASSICS,collapsed_cross_listing,CLASSICS 322
226533,COMPLIT 222L,COMPLIT,collapsed_cross_listing,CLASSICS 322
226533,COMPLIT 322,COMPLIT,collapsed_cross_listing,CLASSICS 322
226539,CEE 33L,CEE,collapsed_cross_listing,ARTHIST 133L
226542,CEE 134E,CEE,collapsed_cross_listing,AMSTUD 33
226542,URBANST 33,URBANST,collapsed_cross_listing,AMSTUD 33
226543,LINGUIST 242B,LINGUIST,collapsed_cross_listing,LINGUIST 142B
226547,ME 321,ME,collapsed_cross_listing,MATSCI 351
226548,CLASSICS 307,CLASSICS,collapsed_cross_listing,ARCHLGY 202
226549,DATASCI 294B,DATASCI,collapsed_cross_listing,DATASCI 194B
226551,ARTHIST 128,ARTHIST,collapsed_cross_listing,AFRICAAM 128C
226551,ARTHIST 328,ARTHIST,collapsed_cross_listing,AFRICAAM 128C
226553,ARTHIST 437,ARTHIST,collapsed_cross_listing,ARTHIST 237
226561,CHILATST 338,CHILATST,collapsed_cross_listing,ARTHIST 438
226563,HISTORY 311M,HISTORY,collapsed_cross_listing,COMPLIT 311M
226569,PHIL 372W,PHIL,collapsed_cross_listing,CSRE 372W
226569,ETHICSOC 372W,ETHICSOC,collapsed_cross_listing,CSRE 372W
226578,POLISCI 355R,POLISCI,collapsed_cross_listing,POLISCI 150R
226579,COMPLIT 154F,COMPLIT,collapsed_cross_listing,AFRICAAM 154
226579,FRENCH 154F,FRENCH,collapsed_cross_listing,AFRICAAM 154
226579,FEMGEN 154F,FEMGEN,collapsed_cross_listing,AFRICAAM 154
226579,CSRE 154F,CSRE,collapsed_cross_listing,AFRICAAM 154
226580,FEMGEN 140,FEMGEN,collapsed_cross_listing,CSRE 137
226582,EBS 223,EBS,collapsed_cross_listing,EBS 123
226589,FRENCH 289,FRENCH,collapsed_cross_listing,FRENCH 389
226593,JEWISHST 288A,JEWISHST,collapsed_cross_listing,HISTORY 288A
226596,HISTORY 200DE,HISTORY,collapsed_cross_listing,AMSTUD 200DE
226597,AMSTUD 158,AMSTUD,collapsed_cross_listing,AMSTUD 58
226597,HISTORY 158,HISTORY,collapsed_cross_listing,AMSTUD 58
226597,HISTORY 58,HISTORY,collapsed_cross_listing,AMSTUD 58
226598,HISTORY 309B,HISTORY,collapsed_cross_listing,HISTORY 209B
226600,ENGLISH 141,ENGLISH,collapsed_cross_listing,CHILATST 141
226613,PUBLPOL 149,PUBLPOL,collapsed_cross_listing,POLISCI 249R
226614,PHIL 215A,PHIL,collapsed_cross_listing,PHIL 115A
226615,PHIL 213E,PHIL,collapsed_cross_listing,PHIL 113E
226635,FEMGEN 302,FEMGEN,collapsed_cross_listing,FEMGEN 202
226637,PHIL 289,PHIL,collapsed_cross_listing,PHIL 189
226645,PEDS 289,PEDS,collapsed_cross_listing,EBS 291
226646,ENGLISH 308A,ENGLISH,collapsed_cross_listing,CLASSICS 308
226646,RELIGST 307X,RELIGST,collapsed_cross_listing,CLASSICS 308
226647,MS&E 299,MS&E,collapsed_cross_listing,INTLPOL 239
226648,PHIL 258,PHIL,collapsed_cross_listing,PHIL 158
226651,PHIL 218,PHIL,collapsed_cross_listing,PHIL 118
226652,PHIL 219,PHIL,collapsed_cross_listing,PHIL 119
226667,HISTORY 265,HISTORY,collapsed_cross_listing,AMSTUD 265
226667,HISTORY 365,HISTORY,collapsed_cross_listing,AMSTUD 265
226668,FRENCH 315C,FRENCH,collapsed_cross_listing,FRENCH 215C
226668,ITALIAN 215C,ITALIAN,collapsed_cross_listing,FRENCH 215C
226668,ITALIAN 315C,ITALIAN,collapsed_cross_listing,FRENCH 215C
226668,HISTORY 215C,HISTORY,collapsed_cross_listing,FRENCH 215C
226668,HISTORY 315C,HISTORY,collapsed_cross_listing,FRENCH 215C
226683,FILMEDIA 192,FILMEDIA,collapsed_cross_listing,ARTSTUDI 192
226683,ARTSTUDI 392,ARTSTUDI,collapsed_cross_listing,ARTSTUDI 192
226683,FILMEDIA 392,FILMEDIA,collapsed_cross_listing,ARTSTUDI 192
226683,TAPS 192A,TAPS,collapsed_cross_listing,ARTSTUDI 192
226702,JEWISHST 117,JEWISHST,collapsed_cross_listing,HISTORY 18C
226702,RELIGST 31X,RELIGST,collapsed_cross_listing,HISTORY 18C
226710,RAD 210B,RAD,collapsed_cross_listing,BMP 210B
226713,POLISCI 217,POLISCI,collapsed_cross_listing,INTNLREL 127
226720,FEMGEN 130,FEMGEN,collapsed_cross_listing,CHILATST 132
226724,HISTORY 206P,HISTORY,collapsed_cross_listing,ANTHRO 106P
226724,HISTORY 306P,HISTORY,collapsed_cross_listing,ANTHRO 106P
226724,CSRE 206P,CSRE,collapsed_cross_listing,ANTHRO 106P
226724,CSRE 306P,CSRE,collapsed_cross_listing,ANTHRO 106P
226724,SOC 206P,SOC,collapsed_cross_listing,ANTHRO 106P
226724,URBANST 206P,URBANST,collapsed_cross_listing,ANTHRO 106P
226724,INTNLREL 106P,INTNLREL,collapsed_cross_listing,ANTHRO 106P
226725,EARTHSYS 215,EARTHSYS,collapsed_cross_listing,EARTHSYS 115
226725,SUST 215,SUST,collapsed_cross_listing,EARTHSYS 115
226771,ME 249,ME,collapsed_cross_listing,MATSCI 249
226792,HISTORY 276,HISTORY,collapsed_cross_listing,HISTORY 376
226792,POLISCI 246H,POLISCI,collapsed_cross_listing,HISTORY 376
226792,ILAC 276,ILAC,collapsed_cross_listing,HISTORY 376
226794,HISTORY 10D,HISTORY,collapsed_cross_listing,HISTORY 110D
226802,EASTASN 256A,EASTASN,collapsed_cross_listing,ARTHIST 256A
226803,COMPLIT 349,COMPLIT,collapsed_cross_listing,COMPLIT 146
226804,EDUC 323,EDUC,collapsed_cross_listing,CSRE 323A
226807,PEDS 234,PEDS,collapsed_cross_listing,EDUC 324
226807,SOC 225,SOC,collapsed_cross_listing,EDUC 324
226807,PSYCH 228,PSYCH,collapsed_cross_listing,EDUC 324
226809,MUSIC 100,MUSIC,collapsed_cross_listing,AFRICAAM 100
226809,CSRE 105,CSRE,collapsed_cross_listing,AFRICAAM 100
226813,MUSIC 110,MUSIC,collapsed_cross_listing,ANTHRO 112
226813,TAPS 110M,TAPS,collapsed_cross_listing,ANTHRO 112
226815,AFRICAAM 240C,AFRICAAM,collapsed_cross_listing,AFRICAAM 140
226815,ENGLISH 146,ENGLISH,collapsed_cross_listing,AFRICAAM 140
226815,EARTHSYS 146J,EARTHSYS,collapsed_cross_listing,AFRICAAM 140
226815,FEMGEN 146B,FEMGEN,collapsed_cross_listing,AFRICAAM 140
226815,ENGLISH 246,ENGLISH,collapsed_cross_listing,AFRICAAM 140
226815,ENGLISH 346A,ENGLISH,collapsed_cross_listing,AFRICAAM 140
226815,EARTHSYS 246J,EARTHSYS,collapsed_cross_listing,AFRICAAM 140
226815,FEMGEN 246B,FEMGEN,collapsed_cross_listing,AFRICAAM 140
226817,GEP 160,GEP,collapsed_cross_listing,ECON 175
226818,ARTHIST 458,ARTHIST,collapsed_cross_listing,ARTHIST 258
226828,EBS 282,EBS,collapsed_cross_listing,EBS 182
226829,EBS 281,EBS,collapsed_cross_listing,EBS 181
226841,PSYCH 278B,PSYCH,collapsed_cross_listing,EBS 220
226843,ENGLISH 249,ENGLISH,collapsed_cross_listing,ENGLISH 149
226849,EARTHSYS 127,EARTHSYS,collapsed_cross_listing,BIO 137
226852,GEOPHYS 233,GEOPHYS,collapsed_cross_listing,GEOPHYS 133
226853,EPS 233,EPS,collapsed_cross_listing,AA 234
226853,GEOPHYS 243,GEOPHYS,collapsed_cross_listing,AA 234
226859,ENGLISH 142,ENGLISH,collapsed_cross_listing,EARTHSYS 142J
226869,EDUC 327,EDUC,collapsed_cross_listing,CSRE 328
226869,SOC 327,SOC,collapsed_cross_listing,CSRE 328
226893,ARCHLGY 121,ARCHLGY,collapsed_cross_listing,ANTHRO 129
226893,ARCHLGY 221,ARCHLGY,collapsed_cross_listing,ANTHRO 129
226893,FEMGEN 121A,FEMGEN,collapsed_cross_listing,ANTHRO 129
226922,CSRE 33,CSRE,collapsed_cross_listing,ANTHRO 33
226929,COMM 273A,COMM,collapsed_cross_listing,COMM 173A
226930,SOC 373,SOC,collapsed_cross_listing,EDUC 483
226931,EDUC 481,EDUC,collapsed_cross_listing,CS 220
226938,COMM 277M,COMM,collapsed_cross_listing,COMM 177M
226938,EARTHSYS 177M,EARTHSYS,collapsed_cross_listing,COMM 177M
226938,EARTHSYS 277M,EARTHSYS,collapsed_cross_listing,COMM 177M
226939,COMM 152A,COMM,collapsed_cross_listing,COMM 252A
226939,INTLPOL 245B,INTLPOL,collapsed_cross_listing,COMM 252A
226939,POLISCI 145B,POLISCI,collapsed_cross_listing,COMM 252A
226939,POLISCI 445B,POLISCI,collapsed_cross_listing,COMM 252A
226939,GLOBAL 245B,GLOBAL,collapsed_cross_listing,COMM 252A
226939,CS 283,CS,collapsed_cross_listing,COMM 252A
226949,DLCL 99,DLCL,collapsed_cross_listing,AFRICAAM 99C
226966,GLOBAL 132,GLOBAL,collapsed_cross_listing,FEMGEN 132A
226966,HISTORY 282G,HISTORY,collapsed_cross_listing,FEMGEN 132A
226973,AMSTUD 228,AMSTUD,collapsed_cross_listing,AFRICAAM 228
226974,FILMEDIA 146,FILMEDIA,collapsed_cross_listing,AFRICAAM 146
226974,ENGLISH 146D,ENGLISH,collapsed_cross_listing,AFRICAAM 146
226976,HISTORY 246A,HISTORY,collapsed_cross_listing,AFRICAAM 243
226976,HISTORY 346A,HISTORY,collapsed_cross_listing,AFRICAAM 243
226976,FEMGEN 346A,FEMGEN,collapsed_cross_listing,AFRICAAM 243
226976,FEMGEN 246A,FEMGEN,collapsed_cross_listing,AFRICAAM 243
226977,HISTORY 247B,HISTORY,collapsed_cross_listing,AFRICAAM 247B
226977,HISTORY 347B,HISTORY,collapsed_cross_listing,AFRICAAM 247B
226979,JEWISHST 286B,JEWISHST,collapsed_cross_listing,HISTORY 286B
226980,HISTORY 4A,HISTORY,collapsed_cross_listing,HISTORY 104A
226982,HISTORY 384D,HISTORY,collapsed_cross_listing,HISTORY 284D
226982,POLISCI 244H,POLISCI,collapsed_cross_listing,HISTORY 284D
226986,MUSIC 128A,MUSIC,collapsed_cross_listing,MUSIC 428
226990,EARTHSYS 118G,EARTHSYS,collapsed_cross_listing,AFRICAAM 118
226990,EARTHSYS 218G,EARTHSYS,collapsed_cross_listing,AFRICAAM 118
226991,ARTHIST 495,ARTHIST,collapsed_cross_listing,FILMEDIA 495
226993,EARTHSYS 209CSN,EARTHSYS,collapsed_cross_listing,EARTHSYS 109CSN
226993,ENGLISH 9CSN,ENGLISH,collapsed_cross_listing,EARTHSYS 109CSN
226993,ENGLISH 309CSN,ENGLISH,collapsed_cross_listing,EARTHSYS 109CSN
226999,REES 100A,REES,collapsed_cross_listing,REES 200A
227008,SUSTAIN 219,SUSTAIN,collapsed_cross_listing,SUSTAIN 119
227017,DLCL 101,DLCL,collapsed_cross_listing,AFRICAAM 107
227017,ARTHIST 107,ARTHIST,collapsed_cross_listing,AFRICAAM 107
227017,FEMGEN 107,FEMGEN,collapsed_cross_listing,AFRICAAM 107
227024,TAPS 157A,TAPS,collapsed_cross_listing,TAPS 357A
227032,PHIL 86,PHIL,collapsed_cross_listing,CS 186
227050,CHILATST 113,CHILATST,collapsed_cross_listing,ASNAMST 111
227056,JEWISHST 132,JEWISHST,collapsed_cross_listing,AFRICAAM 132B
227056,CSRE 132B,CSRE,collapsed_cross_listing,AFRICAAM 132B
227056,COMPLIT 154,COMPLIT,collapsed_cross_listing,AFRICAAM 132B
227058,PSYC 208,PSYC,collapsed_cross_listing,PSYC 108
227080,JEWISHST 276L,JEWISHST,collapsed_cross_listing,JEWISHST 176L
227080,PHIL 176L,PHIL,collapsed_cross_listing,JEWISHST 176L
227080,PHIL 276L,PHIL,collapsed_cross_listing,JEWISHST 176L
227080,RELIGST 176X,RELIGST,collapsed_cross_listing,JEWISHST 176L
227082,EARTHSYS 220A,EARTHSYS,collapsed_cross_listing,EARTHSYS 120A
227100,AMSTUD 113N,AMSTUD,collapsed_cross_listing,AFRICAAM 113N
227100,MUSIC 113N,MUSIC,collapsed_cross_listing,AFRICAAM 113N
227103,POLISCI 235U,POLISCI,collapsed_cross_listing,POLISCI 235T
227103,POLISCI 335U,POLISCI,collapsed_cross_listing,POLISCI 235T
227108,ENGLISH 170,ENGLISH,collapsed_cross_listing,AFRICAAM 122
227110,URBANST 157,URBANST,collapsed_cross_listing,PUBLPOL 157
227116,ENGLISH 135A,ENGLISH,collapsed_cross_listing,ENGLISH 235
227118,SYMSYS 12N,SYMSYS,collapsed_cross_listing,PHIL 12N
227119,OCEANS 60N,OCEANS,collapsed_cross_listing,ESS 60N
227126,FEMGEN 57N,FEMGEN,collapsed_cross_listing,ENGLISH 57N
227126,TAPS 57N,TAPS,collapsed_cross_listing,ENGLISH 57N
227128,OCEANS 220H,OCEANS,collapsed_cross_listing,OCEANS 120H
227134,STATS 200Q,STATS,collapsed_cross_listing,DATASCI 200Q
227144,ENGLISH 292B,ENGLISH,collapsed_cross_listing,AFRICAAM 292
227144,FEMGEN 292B,FEMGEN,collapsed_cross_listing,AFRICAAM 292
227153,ENGLISH 264,ENGLISH,collapsed_cross_listing,ENGLISH 164
227156,FEMGEN 111W,FEMGEN,collapsed_cross_listing,ENGLISH 111
227158,OCEANS 235H,OCEANS,collapsed_cross_listing,OCEANS 135H
227163,PHIL 179B,PHIL,collapsed_cross_listing,FEMGEN 179B
227163,PHIL 279B,PHIL,collapsed_cross_listing,FEMGEN 179B
227164,HISTORY 33S,HISTORY,collapsed_cross_listing,FEMGEN 33S
227167,RADO 256,RADO,collapsed_cross_listing,BMP 256
227172,ARTSINST 180,ARTSINST,collapsed_cross_listing,AFRICAAM 180
227173,GEP 30,GEP,collapsed_cross_listing,GEP 29
227173,GEP 210,GEP,collapsed_cross_listing,GEP 29
227173,GEP 229,GEP,collapsed_cross_listing,GEP 29
227173,PUBLPOL 29,PUBLPOL,collapsed_cross_listing,GEP 29
227173,INTLPOL 279,INTLPOL,collapsed_cross_listing,GEP 29
227174,INTNLREL 15N,INTNLREL,collapsed_cross_listing,GEP 15N
227177,PEDS 237,PEDS,collapsed_cross_listing,EBS 238
227182,HUMBIO 172,HUMBIO,collapsed_cross_listing,FEMGEN 172
227190,SOC 12N,SOC,collapsed_cross_listing,FEMGEN 12N
227190,HUMBIO 12N,HUMBIO,collapsed_cross_listing,FEMGEN 12N
227191,POLISCI 334R,POLISCI,collapsed_cross_listing,POLISCI 234R
227195,COMPLIT 347P,COMPLIT,collapsed_cross_listing,COMPLIT 147P
227195,CSRE 147P,CSRE,collapsed_cross_listing,COMPLIT 147P
227200,CSRE 284,CSRE,collapsed_cross_listing,COMPLIT 284
227201,ITALIAN 375,ITALIAN,collapsed_cross_listing,COMPLIT 375
227208,HISTORY 47N,HISTORY,collapsed_cross_listing,AFRICAAM 47N
227208,FEMGEN 47N,FEMGEN,collapsed_cross_listing,AFRICAAM 47N
227210,AMSTUD 157A,AMSTUD,collapsed_cross_listing,AMSTUD 57A
227210,HISTORY 157,HISTORY,collapsed_cross_listing,AMSTUD 57A
227210,HISTORY 57,HISTORY,collapsed_cross_listing,AMSTUD 57A
227211,COMPLIT 342C,COMPLIT,collapsed_cross_listing,COMPLIT 242C
227211,ENGLISH 242C,ENGLISH,collapsed_cross_listing,COMPLIT 242C
227211,GERMAN 242C,GERMAN,collapsed_cross_listing,COMPLIT 242C
227211,GERMAN 342C,GERMAN,collapsed_cross_listing,COMPLIT 242C
227212,HISTORY 255,HISTORY,collapsed_cross_listing,AMSTUD 255
227212,HISTORY 355,HISTORY,collapsed_cross_listing,AMSTUD 255
227217,ITALIAN 56N,ITALIAN,collapsed_cross_listing,COMPLIT 56N
227217,FRENCH 56N,FRENCH,collapsed_cross_listing,COMPLIT 56N
227231,BIO 253,BIO,collapsed_cross_listing,BIO 153
227233,COMPLIT 387,COMPLIT,collapsed_cross_listing,COMPLIT 187
227234,JEWISHST 156B,JEWISHST,collapsed_cross_listing,COMPLIT 156B
227235,JEWISHST 290,JEWISHST,collapsed_cross_listing,COMPLIT 291
227240,RELIGST 307,RELIGST,collapsed_cross_listing,RELIGST 207
227241,RELIGST 305,RELIGST,collapsed_cross_listing,RELIGST 205
227244,RELIGST 306,RELIGST,collapsed_cross_listing,RELIGST 206
227245,ILAC 146W,ILAC,collapsed_cross_listing,COMPLIT 146W
227247,COMPLIT 265,COMPLIT,collapsed_cross_listing,COMPLIT 365
227253,ENGLISH 223,ENGLISH,collapsed_cross_listing,EARTHSYS 223E
227253,FEMGEN 223E,FEMGEN,collapsed_cross_listing,EARTHSYS 223E
227253,ENGLISH 123,ENGLISH,collapsed_cross_listing,EARTHSYS 223E
227258,ENGLISH 248,ENGLISH,collapsed_cross_listing,AFRICAAM 249C
227258,ENGLISH 348,ENGLISH,collapsed_cross_listing,AFRICAAM 249C
227265,ARTHIST 401A,ARTHIST,collapsed_cross_listing,ARTHIST 201A
227266,ARTHIST 329,ARTHIST,collapsed_cross_listing,ARTHIST 129
227268,ARTHIST 215A,ARTHIST,collapsed_cross_listing,AMSTUD 215A
227268,ARTHIST 415A,ARTHIST,collapsed_cross_listing,AMSTUD 215A
227271,RADO 257,RADO,collapsed_cross_listing,BMP 257
227272,ARTHIST 413A,ARTHIST,collapsed_cross_listing,ARTHIST 213A
227272,GERMAN 213A,GERMAN,collapsed_cross_listing,ARTHIST 213A
227273,EE 220,EE,collapsed_cross_listing,EE 120
227273,MATSCI 220,MATSCI,collapsed_cross_listing,EE 120
227273,MATSCI 120,MATSCI,collapsed_cross_listing,EE 120
227274,MS&E 235A,MS&E,collapsed_cross_listing,EE 283
227276,EALC 83N,EALC,collapsed_cross_listing,KOREA 83N
227281,FRENCH 213,FRENCH,collapsed_cross_listing,FILMEDIA 213A
227281,FRENCH 313,FRENCH,collapsed_cross_listing,FILMEDIA 213A
227281,ITALIAN 212,ITALIAN,collapsed_cross_listing,FILMEDIA 213A
227283,ARTHIST 333,ARTHIST,collapsed_cross_listing,ARTHIST 133
227292,JEWISHST 283,JEWISHST,collapsed_cross_listing,COMPLIT 282
227294,GERMAN 146N,GERMAN,collapsed_cross_listing,FEMGEN 146N
227299,MS&E 331,MS&E,collapsed_cross_listing,CS 331X
227300,GEOPHYS 145,GEOPHYS,collapsed_cross_listing,GEOPHYS 245
227302,FRENCH 378,FRENCH,collapsed_cross_listing,FRENCH 278
227310,MUSIC 147U,MUSIC,collapsed_cross_listing,CSRE 147U
227315,ILAC 237,ILAC,collapsed_cross_listing,COMPLIT 237T
227316,MED 251,MED,collapsed_cross_listing,ASNAMST 251
227323,PHIL 260,PHIL,collapsed_cross_listing,PHIL 160
227324,JEWISHST 292,JEWISHST,collapsed_cross_listing,ILAC 292
227328,JEWISHST 241,JEWISHST,collapsed_cross_listing,SLAVIC 240
227328,AMSTUD 240Y,AMSTUD,collapsed_cross_listing,SLAVIC 240
227331,ENGLISH 162B,ENGLISH,collapsed_cross_listing,AFRICAAM 162
227335,ENGLISH 264A,ENGLISH,collapsed_cross_listing,ENGLISH 164A
227336,EARTHSYS 271,EARTHSYS,collapsed_cross_listing,EARTHSYS 171
227336,EPS 171,EPS,collapsed_cross_listing,EARTHSYS 171
227336,EPS 271,EPS,collapsed_cross_listing,EARTHSYS 171
227336,ENERGY 161,ENERGY,collapsed_cross_listing,EARTHSYS 171
227336,ENERGY 261,ENERGY,collapsed_cross_listing,EARTHSYS 171
227345,EPS 218,EPS,collapsed_cross_listing,EPS 118
227346,EALC 105,EALC,collapsed_cross_listing,ARCHLGY 170
227350,PSYCH 286A,PSYCH,collapsed_cross_listing,EDUC 336
227350,SOC 237,SOC,collapsed_cross_listing,EDUC 336
227360,ARCHLGY 123,ARCHLGY,collapsed_cross_listing,ANTHRO 123A
227360,ARCHLGY 223,ARCHLGY,collapsed_cross_listing,ANTHRO 123A
227362,ILAC 335,ILAC,collapsed_cross_listing,ILAC 135
227364,COMPLIT 372,COMPLIT,collapsed_cross_listing,COMPLIT 272
227364,GERMAN 372,GERMAN,collapsed_cross_listing,COMPLIT 272
227364,GERMAN 272,GERMAN,collapsed_cross_listing,COMPLIT 272
227364,ENGLISH 272,ENGLISH,collapsed_cross_listing,COMPLIT 272
227364,ENGLISH 372,ENGLISH,collapsed_cross_listing,COMPLIT 272
227368,ESS 150,ESS,collapsed_cross_listing,EARTHSYS 150
227372,GERMAN 160,GERMAN,collapsed_cross_listing,COMPLIT 160M
227372,GERMAN 360,GERMAN,collapsed_cross_listing,COMPLIT 160M
227374,SLAVIC 138,SLAVIC,collapsed_cross_listing,DLCL 138
227374,ILAC 138,ILAC,collapsed_cross_listing,DLCL 138
227375,POLISCI 358G,POLISCI,collapsed_cross_listing,POLISCI 158
227375,PUBLPOL 158,PUBLPOL,collapsed_cross_listing,POLISCI 158
227380,GERMAN 143,GERMAN,collapsed_cross_listing,COMPLIT 244G
227380,GERMAN 243,GERMAN,collapsed_cross_listing,COMPLIT 244G
227381,NEPR 248,NEPR,collapsed_cross_listing,ARTSTUDI 248
227389,MED 264,MED,collapsed_cross_listing,BIOE 264
227390,FRENCH 289E,FRENCH,collapsed_cross_listing,COMPLIT 289E
227390,RELIGST 289X,RELIGST,collapsed_cross_listing,COMPLIT 289E
227390,POLISCI 289E,POLISCI,collapsed_cross_listing,COMPLIT 289E
227392,EALC 210,EALC,collapsed_cross_listing,EALC 110
227392,FEMGEN 110,FEMGEN,collapsed_cross_listing,EALC 110
227398,EARTHSYS 208,EARTHSYS,collapsed_cross_listing,EARTHSYS 108
227398,RELIGST 108X,RELIGST,collapsed_cross_listing,EARTHSYS 108
227398,NATIVEAM 108,NATIVEAM,collapsed_cross_listing,EARTHSYS 108
227404,ARTSTUDI 124,ARTSTUDI,collapsed_cross_listing,AFRICAAM 124C
227405,HISTORY 275,HISTORY,collapsed_cross_listing,AFRICAAM 274C
227405,HISTORY 375,HISTORY,collapsed_cross_listing,AFRICAAM 274C
227405,GLOBAL 275,GLOBAL,collapsed_cross_listing,AFRICAAM 274C
227405,FRENCH 274,FRENCH,collapsed_cross_listing,AFRICAAM 274C
227427,HISTORY 159,HISTORY,collapsed_cross_listing,AMSTUD 159A
227427,CSRE 159,CSRE,collapsed_cross_listing,AMSTUD 159A
227427,URBANST 129,URBANST,collapsed_cross_listing,AMSTUD 159A
227427,FEMGEN 159A,FEMGEN,collapsed_cross_listing,AMSTUD 159A
227432,POLISCI 245F,POLISCI,collapsed_cross_listing,INTNLREL 145F
227432,POLISCI 445F,POLISCI,collapsed_cross_listing,INTNLREL 145F
227433,COMPLIT 117M,COMPLIT,collapsed_cross_listing,COMPLIT 317
227433,CSRE 127,CSRE,collapsed_cross_listing,COMPLIT 317
227433,NATIVEAM 117M,NATIVEAM,collapsed_cross_listing,COMPLIT 317
227436,ARTHIST 411A,ARTHIST,collapsed_cross_listing,ARTHIST 211A
227439,ARTHIST 134,ARTHIST,collapsed_cross_listing,ARCHLGY 54
227439,NATIVEAM 134A,NATIVEAM,collapsed_cross_listing,ARCHLGY 54
227444,EARTHSYS 140C,EARTHSYS,collapsed_cross_listing,EARTHSYS 40
227446,ARTHIST 228,ARTHIST,collapsed_cross_listing,ARTHIST 428
227446,EASTASN 428,EASTASN,collapsed_cross_listing,ARTHIST 428
227446,CHINA 228A,CHINA,collapsed_cross_listing,ARTHIST 428
227446,CHINA 328A,CHINA,collapsed_cross_listing,ARTHIST 428
227450,PSYC 219A,PSYC,collapsed_cross_listing,PSYC 119A
227450,RELIGST 119X,RELIGST,collapsed_cross_listing,PSYC 119A
227451,JEWISHST 270C,JEWISHST,collapsed_cross_listing,ILAC 270C
227457,PHIL 272B,PHIL,collapsed_cross_listing,PHIL 172B
227458,PHIL 174,PHIL,collapsed_cross_listing,ETHICSOC 164
227458,PHIL 274,PHIL,collapsed_cross_listing,ETHICSOC 164
227461,PHIL 276T,PHIL,collapsed_cross_listing,PHIL 176T
227463,CS 287,CS,collapsed_cross_listing,BMDS 218
227465,PUBLPOL 151,PUBLPOL,collapsed_cross_listing,ECON 153
227485,ESS 236,ESS,collapsed_cross_listing,ESS 136
227485,GEP 115,GEP,collapsed_cross_listing,ESS 136
227485,GEP 215,GEP,collapsed_cross_listing,ESS 136
227486,EDUC 71,EDUC,collapsed_cross_listing,COMM 3B
227486,SOC 22,SOC,collapsed_cross_listing,COMM 3B
227494,EBS 279,EBS,collapsed_cross_listing,EBS 179
227499,INTNLREL 165,INTNLREL,collapsed_cross_listing,GEP 365
227504,PHIL 228,PHIL,collapsed_cross_listing,PHIL 128
227510,CLASSICS 278,CLASSICS,collapsed_cross_listing,AFRICAAM 278C
227510,ARTHIST 278C,ARTHIST,collapsed_cross_listing,AFRICAAM 278C
227510,CLASSICS 378A,CLASSICS,collapsed_cross_listing,AFRICAAM 278C
227533,HISTORY 73S,HISTORY,collapsed_cross_listing,CHILATST 73S
227535,DATASCI 294C,DATASCI,collapsed_cross_listing,DATASCI 194C
227544,HISTORY 260L,HISTORY,collapsed_cross_listing,FEMGEN 260L
227548,TAPS 334,TAPS,collapsed_cross_listing,FEMGEN 334
227555,CSRE 10,CSRE,collapsed_cross_listing,AFRICAAM 10
227555,TAPS 10,TAPS,collapsed_cross_listing,AFRICAAM 10
227561,TAPS 250T,TAPS,collapsed_cross_listing,FEMGEN 250T
227561,NATIVEAM 250T,NATIVEAM,collapsed_cross_listing,FEMGEN 250T
227564,PHIL 273A,PHIL,collapsed_cross_listing,PHIL 173A
227569,LINGUIST 220,LINGUIST,collapsed_cross_listing,LINGUIST 120B
227570,HISTORY 335C,HISTORY,collapsed_cross_listing,HISTORY 235C
227570,HISTORY 435C,HISTORY,collapsed_cross_listing,HISTORY 235C
227572,PEDS 238,PEDS,collapsed_cross_listing,EBS 239
227577,DLCL 147C,DLCL,collapsed_cross_listing,CLASSICS 147C
227577,POLISCI 247C,POLISCI,collapsed_cross_listing,CLASSICS 147C
227582,PHIL 238W,PHIL,collapsed_cross_listing,PHIL 138W
227586,COMPLIT 279,COMPLIT,collapsed_cross_listing,COMPLIT 379
227586,GERMAN 379,GERMAN,collapsed_cross_listing,COMPLIT 379
227586,GERMAN 279,GERMAN,collapsed_cross_listing,COMPLIT 379
227586,ENGLISH 279A,ENGLISH,collapsed_cross_listing,COMPLIT 379
227586,ENGLISH 379A,ENGLISH,collapsed_cross_listing,COMPLIT 379
227592,GERMAN 278,GERMAN,collapsed_cross_listing,COMPLIT 278
227592,FEMGEN 278A,FEMGEN,collapsed_cross_listing,COMPLIT 278
227593,GERMAN 254,GERMAN,collapsed_cross_listing,GERMAN 354
227595,BIO 210H,BIO,collapsed_cross_listing,BIO 110H
227595,OCEANS 110H,OCEANS,collapsed_cross_listing,BIO 110H
227595,OCEANS 210H,OCEANS,collapsed_cross_listing,BIO 110H
227598,FEMGEN 67M,FEMGEN,collapsed_cross_listing,CLASSICS 67
227599,PHIL 108A,PHIL,collapsed_cross_listing,CLASSICS 108A
227599,PHIL 208A,PHIL,collapsed_cross_listing,CLASSICS 108A
227601,SURG 240,SURG,collapsed_cross_listing,ARTSTUDI 140P
227604,JEWISHST 188,JEWISHST,collapsed_cross_listing,HISTORY 188
227607,FRENCH 276,FRENCH,collapsed_cross_listing,FRENCH 376
227610,TAPS 354P,TAPS,collapsed_cross_listing,TAPS 154P
227613,TAPS 158W,TAPS,collapsed_cross_listing,AFRICAAM 158C
227613,TAPS 358W,TAPS,collapsed_cross_listing,AFRICAAM 158C
227613,AMSTUD 158C,AMSTUD,collapsed_cross_listing,AFRICAAM 158C
227614,COMPLIT 383F,COMPLIT,collapsed_cross_listing,COMPLIT 283F
227614,FRENCH 283,FRENCH,collapsed_cross_listing,COMPLIT 283F
227614,FRENCH 383,FRENCH,collapsed_cross_listing,COMPLIT 283F
227614,FEMGEN 283F,FEMGEN,collapsed_cross_listing,COMPLIT 283F
227614,FEMGEN 383F,FEMGEN,collapsed_cross_listing,COMPLIT 283F
227619,EARTHSYS 295C,EARTHSYS,collapsed_cross_listing,EARTHSYS 195
227619,URBANST 159,URBANST,collapsed_cross_listing,EARTHSYS 195
227628,JEWISHST 88S,JEWISHST,collapsed_cross_listing,HISTORY 88S
227632,SOC 46N,SOC,collapsed_cross_listing,FEMGEN 46N
227635,HISTORY 342,HISTORY,collapsed_cross_listing,HISTORY 242
227636,CHEMENG 487,CHEMENG,collapsed_cross_listing,CHEM 287A
227638,ANTHRO 151,ANTHRO,collapsed_cross_listing,AFRICAAM 151C
227638,FEMGEN 151A,FEMGEN,collapsed_cross_listing,AFRICAAM 151C
227638,CSRE 151A,CSRE,collapsed_cross_listing,AFRICAAM 151C
227644,POLISCI 310F,POLISCI,collapsed_cross_listing,POLISCI 210F
227645,CLASSICS 296,CLASSICS,collapsed_cross_listing,CLASSICS 396
227646,POLISCI 227F,POLISCI,collapsed_cross_listing,POLISCI 427F
227647,HISTORY 74N,HISTORY,collapsed_cross_listing,AMSTUD 74N
227650,FEMGEN 214M,FEMGEN,collapsed_cross_listing,COMPLIT 214M
227653,FILMEDIA 152A,FILMEDIA,collapsed_cross_listing,AFRICAAM 152
227653,CSRE 152A,CSRE,collapsed_cross_listing,AFRICAAM 152
227658,ENGLISH 8J,ENGLISH,collapsed_cross_listing,AMSTUD 8J
227661,ENGLISH 183,ENGLISH,collapsed_cross_listing,ASNAMST 183
227662,CLASSICS 184,CLASSICS,collapsed_cross_listing,CLASSICS 284
227663,GEOPHYS 150,GEOPHYS,collapsed_cross_listing,GEOPHYS 250
227664,FEMGEN 142A,FEMGEN,collapsed_cross_listing,ENGLISH 142A
227664,TAPS 142A,TAPS,collapsed_cross_listing,ENGLISH 142A
227670,HISTORY 205G,HISTORY,collapsed_cross_listing,ETHICSOC 115
227670,HISTORY 305G,HISTORY,collapsed_cross_listing,ETHICSOC 115
227672,FEMGEN 393D,FEMGEN,collapsed_cross_listing,FEMGEN 293D
227672,HISTORY 293D,HISTORY,collapsed_cross_listing,FEMGEN 293D
227672,HISTORY 393D,HISTORY,collapsed_cross_listing,FEMGEN 293D
227675,MATSCI 224,MATSCI,collapsed_cross_listing,MATSCI 124
227680,FEMGEN 110A,FEMGEN,collapsed_cross_listing,CSRE 110
227687,CSRE 128,CSRE,collapsed_cross_listing,COMPLIT 166
227688,EALC 114,EALC,collapsed_cross_listing,ANTHRO 114E
227690,EALC 314,EALC,collapsed_cross_listing,ANTHRO 314E
227690,EALC 214,EALC,collapsed_cross_listing,ANTHRO 314E
227708,ENGLISH 156A,ENGLISH,collapsed_cross_listing,DATASCI 156
227720,CSRE 153,CSRE,collapsed_cross_listing,AFRICAAM 153
227720,ARTHIST 153A,ARTHIST,collapsed_cross_listing,AFRICAAM 153
227720,TAPS 153E,TAPS,collapsed_cross_listing,AFRICAAM 153
227722,RELIGST 118X,RELIGST,collapsed_cross_listing,ANTHRO 118
227722,PSYCH 118A,PSYCH,collapsed_cross_listing,ANTHRO 118
227731,PSYC 215C,PSYC,collapsed_cross_listing,PSYC 115C
227735,POLISCI 227R,POLISCI,collapsed_cross_listing,INTNLREL 127R
227735,POLISCI 327R,POLISCI,collapsed_cross_listing,INTNLREL 127R
227735,REES 327R,REES,collapsed_cross_listing,INTNLREL 127R
227737,FRENCH 353N,FRENCH,collapsed_cross_listing,FRENCH 253
227749,ARTHIST 467,ARTHIST,collapsed_cross_listing,FILMEDIA 467
227749,FILMEDIA 267,FILMEDIA,collapsed_cross_listing,FILMEDIA 467
227749,ARTHIST 267,ARTHIST,collapsed_cross_listing,FILMEDIA 467
227768,HISTORY 220,HISTORY,collapsed_cross_listing,HISTORY 320
227768,REES 220,REES,collapsed_cross_listing,HISTORY 320
227769,HISTORY 308C,HISTORY,collapsed_cross_listing,HISTORY 208
227769,POLISCI 168,POLISCI,collapsed_cross_listing,HISTORY 208
227770,POLISCI 238T,POLISCI,collapsed_cross_listing,HISTORY 258T
227771,CSRE 170,CSRE,collapsed_cross_listing,AFRICAAM 170C
227771,JEWISHST 170,JEWISHST,collapsed_cross_listing,AFRICAAM 170C
227771,AMSTUD 170C,AMSTUD,collapsed_cross_listing,AFRICAAM 170C
227773,POLISCI 55,POLISCI,collapsed_cross_listing,CS 132
227773,INTLPOL 332,INTLPOL,collapsed_cross_listing,CS 132
227777,PHIL 216C,PHIL,collapsed_cross_listing,PHIL 116C
227783,ESS 114,ESS,collapsed_cross_listing,ESS 314
227789,MUSIC 214,MUSIC,collapsed_cross_listing,AFRICAAM 274
227789,AMSTUD 274,AMSTUD,collapsed_cross_listing,AFRICAAM 274
227790,AA 232,AA,collapsed_cross_listing,AA 132
227790,EPS 245,EPS,collapsed_cross_listing,AA 132
227790,EPS 195,EPS,collapsed_cross_listing,AA 132
227790,GEOPHYS 192,GEOPHYS,collapsed_cross_listing,AA 132
227790,GEOPHYS 244,GEOPHYS,collapsed_cross_listing,AA 132
227791,AA 133,AA,collapsed_cross_listing,AA 233
227791,EPS 196,EPS,collapsed_cross_listing,AA 233
227791,EPS 296,EPS,collapsed_cross_listing,AA 233
227792,HISTORY 338,HISTORY,collapsed_cross_listing,HISTORY 238
227794,PSYC 209,PSYC,collapsed_cross_listing,MED 209
227797,CEE 173W,CEE,collapsed_cross_listing,CEE 273W
227797,EARTHSYS 273W,EARTHSYS,collapsed_cross_listing,CEE 273W
227797,EARTHSYS 173W,EARTHSYS,collapsed_cross_listing,CEE 273W
227797,PUBLPOL 173,PUBLPOL,collapsed_cross_listing,CEE 273W
227806,POLISCI 343P,POLISCI,collapsed_cross_listing,POLISCI 243P
227808,MED 263,MED,collapsed_cross_listing,EPI 248
227811,CEE 233E,CEE,collapsed_cross_listing,CEE 133E
227822,TAPS 334R,TAPS,collapsed_cross_listing,CS 334
227823,JEWISHST 180,JEWISHST,collapsed_cross_listing,COMPLIT 185
227823,PSYCH 185A,PSYCH,collapsed_cross_listing,COMPLIT 185
227839,ARCHLGY 131,ARCHLGY,collapsed_cross_listing,ANTHRO 131
227843,CHEMENG 447,CHEMENG,collapsed_cross_listing,BIOE 274
227843,CHEMENG 247,CHEMENG,collapsed_cross_listing,BIOE 274
227844,ECON 238,ECON,collapsed_cross_listing,ECON 138
227847,ECON 256L,ECON,collapsed_cross_listing,ECON 156L
227848,OCEANS 115,OCEANS,collapsed_cross_listing,OCEANS 215
227849,KOREA 224D,KOREA,collapsed_cross_listing,INTLPOL 224D
227850,ARCHLGY 257,ARCHLGY,collapsed_cross_listing,ARCHLGY 157
227854,FILMEDIA 316,FILMEDIA,collapsed_cross_listing,FILMEDIA 116
227855,ILAC 334,ILAC,collapsed_cross_listing,FEMGEN 334D
227856,ARTSINST 136,ARTSINST,collapsed_cross_listing,AFRICAAM 136
227886,FEMGEN 83,FEMGEN,collapsed_cross_listing,COMPLIT 83
227886,FILMEDIA 83,FILMEDIA,collapsed_cross_listing,COMPLIT 83
227889,RELIGST 105,RELIGST,collapsed_cross_listing,JEWISHST 107
227910,ITALIAN 113,ITALIAN,collapsed_cross_listing,FRENCH 113
227925,CSRE 306,CSRE,collapsed_cross_listing,COMPLIT 306
227946,SUSTAIN 370B,SUSTAIN,collapsed_cross_listing,SUSTAIN 170B
227956,RELIGST 302,RELIGST,collapsed_cross_listing,RELIGST 202
227958,EARTHSYS 271M,EARTHSYS,collapsed_cross_listing,EARTHSYS 171M
227958,MED 271,MED,collapsed_cross_listing,EARTHSYS 171M
227958,MED 171,MED,collapsed_cross_listing,EARTHSYS 171M
227960,ENERGY 185,ENERGY,collapsed_cross_listing,CEE 285
227960,ENERGY 285,ENERGY,collapsed_cross_listing,CEE 285
227964,RELIGST 266A,RELIGST,collapsed_cross_listing,AFRICAAM 266C
227969,PHIL 261C,PHIL,collapsed_cross_listing,PHIL 161C
227977,FEMGEN 373D,FEMGEN,collapsed_cross_listing,FEMGEN 73D
227978,HISTORY 319,HISTORY,collapsed_cross_listing,HISTORY 219
227982,AMSTUD 214,AMSTUD,collapsed_cross_listing,AFRICAAM 214
227982,FEMGEN 214,FEMGEN,collapsed_cross_listing,AFRICAAM 214
227985,EASTASN 220C,EASTASN,collapsed_cross_listing,ANTHRO 120C
227992,HISTORY 25,HISTORY,collapsed_cross_listing,AMSTUD 25
227992,HISTORY 250,HISTORY,collapsed_cross_listing,AMSTUD 25
228000,GLOBAL 88SI,GLOBAL,collapsed_cross_listing,FILMEDIA 88SI
228008,ENGLISH 182B,ENGLISH,collapsed_cross_listing,AFRICAAM 182
228009,GEP 17SC,GEP,collapsed_cross_listing,EARTHSYS 17SC
228012,SURG 261,SURG,collapsed_cross_listing,SURG 161
228013,FILMEDIA 152B,FILMEDIA,collapsed_cross_listing,AMSTUD 152
228013,ENGLISH 152A,ENGLISH,collapsed_cross_listing,AMSTUD 152
228022,STATS 357,STATS,collapsed_cross_listing,MS&E 330
228025,SURG 270,SURG,collapsed_cross_listing,MED 270
228036,EDUC 495,EDUC,collapsed_cross_listing,CSRE 495
228038,POLISCI 275,POLISCI,collapsed_cross_listing,EDUC 375
228043,STATS 354,STATS,collapsed_cross_listing,CS 273D
228046,SYMSYS 295R,SYMSYS,collapsed_cross_listing,SYMSYS 195R
228051,FRENCH 104,FRENCH,collapsed_cross_listing,AFRICAAM 103C
228052,FRENCH 105,FRENCH,collapsed_cross_listing,AFRICAAM 105C
228053,SUSTAIN 370C,SUSTAIN,collapsed_cross_listing,SUSTAIN 170C
228054,ARTSTUDI 164A,ARTSTUDI,collapsed_cross_listing,ARTSTUDI 265
228066,MS&E 295,MS&E,collapsed_cross_listing,INTLPOL 342
228072,NATIVEAM 209A,NATIVEAM,collapsed_cross_listing,COMPLIT 209
228075,GERMAN 218,GERMAN,collapsed_cross_listing,COMPLIT 218
228080,ILAC 308,ILAC,collapsed_cross_listing,ILAC 208
228081,FRENCH 301,FRENCH,collapsed_cross_listing,COMPLIT 301F
228082,DLCL 75Q,DLCL,collapsed_cross_listing,COMPLIT 75Q
228082,URBANST 75Q,URBANST,collapsed_cross_listing,COMPLIT 75Q
228082,FRENCH 75Q,FRENCH,collapsed_cross_listing,COMPLIT 75Q
228085,SLAVIC 212,SLAVIC,collapsed_cross_listing,ENGLISH 212A
228085,FILMEDIA 412A,FILMEDIA,collapsed_cross_listing,ENGLISH 212A
228088,GERMAN 202,GERMAN,collapsed_cross_listing,COMPLIT 202G
228093,ARTHIST 414A,ARTHIST,collapsed_cross_listing,ARTHIST 214A
228093,COMPLIT 214A,COMPLIT,collapsed_cross_listing,ARTHIST 214A
228093,COMPLIT 318,COMPLIT,collapsed_cross_listing,ARTHIST 214A
228094,PHIL 227A,PHIL,collapsed_cross_listing,PHIL 127A
228095,PHIL 238Y,PHIL,collapsed_cross_listing,PHIL 138Y
228096,PHIL 235N,PHIL,collapsed_cross_listing,PHIL 135N
228109,COMPLIT 360,COMPLIT,collapsed_cross_listing,COMPLIT 260
228109,GERMAN 260E,GERMAN,collapsed_cross_listing,COMPLIT 260
228109,TAPS 260E,TAPS,collapsed_cross_listing,COMPLIT 260
228112,SLAVIC 168,SLAVIC,collapsed_cross_listing,COMPLIT 169
228119,ILAC 210,ILAC,collapsed_cross_listing,FILMEDIA 209
228121,ILAC 216,ILAC,collapsed_cross_listing,FEMGEN 216A
228127,ARTHIST 231A,ARTHIST,collapsed_cross_listing,ARTHIST 431A
228127,NATIVEAM 231A,NATIVEAM,collapsed_cross_listing,ARTHIST 431A
228128,RELIGST 120,RELIGST,collapsed_cross_listing,AMSTUD 120M
228134,RELIGST 130,RELIGST,collapsed_cross_listing,AMSTUD 130
228134,POLISCI 130T,POLISCI,collapsed_cross_listing,AMSTUD 130
228150,EALC 350,EALC,collapsed_cross_listing,EALC 150
228151,EALC 355,EALC,collapsed_cross_listing,EALC 155
228153,EALC 315,EALC,collapsed_cross_listing,EALC 215
228157,FILMEDIA 226,FILMEDIA,collapsed_cross_listing,AMSTUD 226
228157,FILMEDIA 426,FILMEDIA,collapsed_cross_listing,AMSTUD 226
228159,FILMEDIA 145X,FILMEDIA,collapsed_cross_listing,AMSTUD 145X
228166,HISTORY 47S,HISTORY,collapsed_cross_listing,AFRICAAM 47C
228170,RELIGST 303A,RELIGST,collapsed_cross_listing,RELIGST 203A
228171,RELIGST 305A,RELIGST,collapsed_cross_listing,RELIGST 205A
228185,ANTHRO 292,ANTHRO,collapsed_cross_listing,ANTHRO 192
228185,ARCHLGY 192,ARCHLGY,collapsed_cross_listing,ANTHRO 192
228185,ARCHLGY 292,ARCHLGY,collapsed_cross_listing,ANTHRO 192
228185,ARTSTUDI 192A,ARTSTUDI,collapsed_cross_listing,ANTHRO 192
228197,POLISCI 116F,POLISCI,collapsed_cross_listing,INTNLREL 156
228202,HISTORY 14Q,HISTORY,collapsed_cross_listing,ARTHIST 14Q
228202,ITALIAN 14Q,ITALIAN,collapsed_cross_listing,ARTHIST 14Q
228224,BIO 266,BIO,collapsed_cross_listing,BIO 166
228224,PUBLPOL 166,PUBLPOL,collapsed_cross_listing,BIO 166
228236,FILMPROD 305C,FILMPROD,collapsed_cross_listing,FILMPROD 105C
228237,TAPS 255M,TAPS,collapsed_cross_listing,NATIVEAM 255M
228238,POLISCI 331H,POLISCI,collapsed_cross_listing,POLISCI 231H
228245,CHPR 267,CHPR,collapsed_cross_listing,BMDS 267
228249,GEOPHYS 256,GEOPHYS,collapsed_cross_listing,AA 235
228256,COMM 278N,COMM,collapsed_cross_listing,COMM 178N
228259,KOREA 330,KOREA,collapsed_cross_listing,KOREA 130
228260,RELIGST 171,RELIGST,collapsed_cross_listing,JEWISHST 171
228270,MUSIC 147B,MUSIC,collapsed_cross_listing,CSRE 147B
228273,PHIL 273C,PHIL,collapsed_cross_listing,PHIL 173C
228274,CLASSICS 48,CLASSICS,collapsed_cross_listing,AFRICAAM 48C
228274,FEMGEN 48,FEMGEN,collapsed_cross_listing,AFRICAAM 48C
228276,CLASSICS 143A,CLASSICS,collapsed_cross_listing,CLASSICS 341
228277,COMPLIT 49B,COMPLIT,collapsed_cross_listing,CLASSICS 49B
228278,GERMAN 302,GERMAN,collapsed_cross_listing,COMPLIT 302G
228278,ENGLISH 302G,ENGLISH,collapsed_cross_listing,COMPLIT 302G
228282,FRENCH 203,FRENCH,collapsed_cross_listing,COMPLIT 203R
228282,FRENCH 303,FRENCH,collapsed_cross_listing,COMPLIT 203R
228282,ITALIAN 202,ITALIAN,collapsed_cross_listing,COMPLIT 203R
228282,ENGLISH 302R,ENGLISH,collapsed_cross_listing,COMPLIT 203R
228284,MATSCI 177,MATSCI,collapsed_cross_listing,APPPHYS 214
228285,HISTORY 28,HISTORY,collapsed_cross_listing,HISTORY 128
228286,COMPLIT 251G,COMPLIT,collapsed_cross_listing,COMPLIT 151G
228286,GERMAN 151,GERMAN,collapsed_cross_listing,COMPLIT 151G
228286,GERMAN 251,GERMAN,collapsed_cross_listing,COMPLIT 151G
228289,HISTORY 341,HISTORY,collapsed_cross_listing,HISTORY 241
228291,TAPS 344D,TAPS,collapsed_cross_listing,FRENCH 344
228298,MUSIC 256B,MUSIC,collapsed_cross_listing,CS 476B
228304,GEOPHYS 247,GEOPHYS,collapsed_cross_listing,GEOPHYS 127
228307,BIO 277,BIO,collapsed_cross_listing,BIO 177
228313,PSYCH 292R,PSYCH,collapsed_cross_listing,EE 292R
228313,STATS 282,STATS,collapsed_cross_listing,EE 292R
228316,PHIL 176W,PHIL,collapsed_cross_listing,PHIL 276W
228318,ARTHIST 275,ARTHIST,collapsed_cross_listing,FILMEDIA 475
228318,ARTHIST 475A,ARTHIST,collapsed_cross_listing,FILMEDIA 475
228318,FILMEDIA 275,FILMEDIA,collapsed_cross_listing,FILMEDIA 475
228318,REES 275A,REES,collapsed_cross_listing,FILMEDIA 475
228324,RELIGST 367A,RELIGST,collapsed_cross_listing,RELIGST 267A
228325,RELIGST 108,RELIGST,collapsed_cross_listing,JEWISHST 108
228327,ENGR 194,ENGR,collapsed_cross_listing,CHEMENG 295
228327,ENGR 294,ENGR,collapsed_cross_listing,CHEMENG 295
228328,GERMAN 211,GERMAN,collapsed_cross_listing,COMPLIT 211G
228331,ESS 367,ESS,collapsed_cross_listing,ESS 167
228344,EDUC 435,EDUC,collapsed_cross_listing,CS 435
228349,CHILATST 48,CHILATST,collapsed_cross_listing,ANTHRO 48
228349,CSRE 48,CSRE,collapsed_cross_listing,ANTHRO 48
228350,ANTHRO 175,ANTHRO,collapsed_cross_listing,ANTHRO 75
228350,GLOBAL 75,GLOBAL,collapsed_cross_listing,ANTHRO 75
228350,STS 200X,STS,collapsed_cross_listing,ANTHRO 75
228354,EDUC 406,EDUC,collapsed_cross_listing,CSRE 406
228354,SOC 306,SOC,collapsed_cross_listing,CSRE 406
228359,ENGLISH 288,ENGLISH,collapsed_cross_listing,ASNAMST 289
228370,GEP 207,GEP,collapsed_cross_listing,GEP 107
228371,EARTHSYS 214P,EARTHSYS,collapsed_cross_listing,EARTHSYS 114P
228371,EBS 114,EBS,collapsed_cross_listing,EARTHSYS 114P
228371,EBS 214,EBS,collapsed_cross_listing,EARTHSYS 114P
228372,EBS 232,EBS,collapsed_cross_listing,EBS 132
228373,EBS 231,EBS,collapsed_cross_listing,EBS 131
228373,FEMGEN 131E,FEMGEN,collapsed_cross_listing,EBS 131
228373,FEMGEN 231E,FEMGEN,collapsed_cross_listing,EBS 131
228375,COMPLIT 49A,COMPLIT,collapsed_cross_listing,CLASSICS 49A
228386,HISTORY 249C,HISTORY,collapsed_cross_listing,AFRICAAM 249X
228386,HISTORY 349C,HISTORY,collapsed_cross_listing,AFRICAAM 249X
228394,OCEANS 276H,OCEANS,collapsed_cross_listing,OCEANS 176H
228400,FEMGEN 335,FEMGEN,collapsed_cross_listing,ENGLISH 335B
228400,TAPS 335T,TAPS,collapsed_cross_listing,ENGLISH 335B
228403,ENGLISH 192H,ENGLISH,collapsed_cross_listing,AFRICAAM 114
228408,HISTORY 360B,HISTORY,collapsed_cross_listing,HISTORY 260B
228409,HISTORY 207G,HISTORY,collapsed_cross_listing,GLOBAL 207G
228409,HISTORY 307G,HISTORY,collapsed_cross_listing,GLOBAL 207G
228414,EE 339,EE,collapsed_cross_listing,CS 349E
228420,PHIL 287C,PHIL,collapsed_cross_listing,PHIL 187C
228428,NATIVEAM 8R,NATIVEAM,collapsed_cross_listing,ENGLISH 8R
228437,ENGLISH 85,ENGLISH,collapsed_cross_listing,ASNAMST 85
228438,ENGLISH 162S,ENGLISH,collapsed_cross_listing,AFRICAAM 162C
228439,SOC 150,SOC,collapsed_cross_listing,AMSTUD 151A
228439,SOC 250,SOC,collapsed_cross_listing,AMSTUD 151A
228439,POLISCI 150,POLISCI,collapsed_cross_listing,AMSTUD 151A
228439,PUBLPOL 152,PUBLPOL,collapsed_cross_listing,AMSTUD 151A
228442,ENGLISH 157A,ENGLISH,collapsed_cross_listing,AFRICAAM 157
228442,ANTHRO 157X,ANTHRO,collapsed_cross_listing,AFRICAAM 157
228443,MED 267,MED,collapsed_cross_listing,BIOE 267
228445,PSYC 122,PSYC,collapsed_cross_listing,AMSTUD 122
228445,PSYC 222,PSYC,collapsed_cross_listing,AMSTUD 122
228446,ENGLISH 155A,ENGLISH,collapsed_cross_listing,AFRICAAM 155
228446,TAPS 155A,TAPS,collapsed_cross_listing,AFRICAAM 155
228446,ARTHIST 255A,ARTHIST,collapsed_cross_listing,AFRICAAM 155
228448,FILMEDIA 140,FILMEDIA,collapsed_cross_listing,ARTHIST 140
228458,FILMEDIA 292,FILMEDIA,collapsed_cross_listing,COMPLIT 190
228475,LINGUIST 251P,LINGUIST,collapsed_cross_listing,LINGUIST 151P
228476,LINGUIST 240,LINGUIST,collapsed_cross_listing,EDUC 247
228476,PSYCH 241,PSYCH,collapsed_cross_listing,EDUC 247
228484,HUMBIO 32,HUMBIO,collapsed_cross_listing,BIOE 32
228487,NATIVEAM 205,NATIVEAM,collapsed_cross_listing,NATIVEAM 105
228489,EDUC 72,EDUC,collapsed_cross_listing,COMM 3C
228489,SOC 72,SOC,collapsed_cross_listing,COMM 3C
228492,ARTHIST 457A,ARTHIST,collapsed_cross_listing,ARTHIST 257
228518,ARTHIST 259A,ARTHIST,collapsed_cross_listing,ARTHIST 459A
228518,HISTORY 289A,HISTORY,collapsed_cross_listing,ARTHIST 459A
228518,HISTORY 389A,HISTORY,collapsed_cross_listing,ARTHIST 459A
228521,GERMAN 227,GERMAN,collapsed_cross_listing,COMPLIT 227
228524,JEWISHST 126,JEWISHST,collapsed_cross_listing,CHILATST 127
228525,PSYCH 127,PSYCH,collapsed_cross_listing,JEWISHST 127
228526,POLISCI 233E,POLISCI,collapsed_cross_listing,JEWISHST 133
228543,EARTHSYS 275,EARTHSYS,collapsed_cross_listing,EARTHSYS 175
228544,EARTHSYS 274,EARTHSYS,collapsed_cross_listing,EARTHSYS 174
228547,HISTORY 105G,HISTORY,collapsed_cross_listing,GERMAN 105G
228554,SOC 203A,SOC,collapsed_cross_listing,EDUC 336A
228554,PSYCH 233A,PSYCH,collapsed_cross_listing,EDUC 336A
228555,SOC 203B,SOC,collapsed_cross_listing,EDUC 336B
228555,PSYCH 233B,PSYCH,collapsed_cross_listing,EDUC 336B
228560,COMPLIT 49C,COMPLIT,collapsed_cross_listing,CLASSICS 49C
228565,HISTORY 247G,HISTORY,collapsed_cross_listing,AFRICAAM 247G
228574,MATSCI 286,MATSCI,collapsed_cross_listing,MATSCI 186
228577,ITALIAN 134,ITALIAN,collapsed_cross_listing,FRENCH 134
228578,FRENCH 267,FRENCH,collapsed_cross_listing,COMPLIT 267F
228578,ITALIAN 267,ITALIAN,collapsed_cross_listing,COMPLIT 267F
228582,ARCHLGY 284,ARCHLGY,collapsed_cross_listing,ARCHLGY 184
228583,ARCHLGY 277,ARCHLGY,collapsed_cross_listing,ARCHLGY 177
228584,ARCHLGY 268,ARCHLGY,collapsed_cross_listing,ARCHLGY 168
228599,URBANST 137,URBANST,collapsed_cross_listing,ECON 148
228622,ANTHRO 244,ANTHRO,collapsed_cross_listing,ANTHRO 144
228624,JEWISHST 134,JEWISHST,collapsed_cross_listing,HISTORY 134T
228624,ILAC 134T,ILAC,collapsed_cross_listing,HISTORY 134T
